{
"type": "FeatureCollection",
"name": "espana_tierra_25830",
"crs": { "type": "name", "properties": { "name": "urn:ogc:def:crs:EPSG::25830" } },
"features": [
{ "type": "Feature", "properties": { }, "geometry": { "type": "MultiPolygon", "coordinates": [ [ [ [ 288611.296648034418467, 3969547.931297112256289 ], [ 286652.935260039404966, 3971421.017588345799595 ], [ 285301.195971807232127, 3973438.630038151051849 ], [ 284334.674353539419826, 3975722.421056143473834 ], [ 283570.820269289775752, 3978234.047761470079422 ], [ 284811.320015899371356, 3978389.071740117389709 ], [ 286518.505451125849504, 3978189.421591131016612 ], [ 288485.601168872206472, 3977030.803577502258122 ], [ 289967.114749690867029, 3975830.020835919771343 ], [ 291588.816103610617574, 3975412.112345988862216 ], [ 293985.964386231382377, 3976561.698820276651531 ], [ 293137.656753820483573, 3974232.904659699182957 ], [ 289117.857134909834713, 3971202.511507157236338 ], [ 288611.296648034418467, 3969547.931297112256289 ] ] ], [ [ [ 504741.90432179311756, 3909616.587425949983299 ], [ 507090.133380483195651, 3904983.677086724899709 ], [ 507920.007556395779829, 3903756.942198559641838 ], [ 505180.188101482926868, 3902751.444218935910612 ], [ 503294.688493689580355, 3904785.058077652473003 ], [ 503007.021550901525188, 3907851.045326970051974 ], [ 504741.90432179311756, 3909616.587425949983299 ] ] ], [ [ [ 597675.844478678889573, 4804388.729011321440339 ], [ 597502.184310254990123, 4803093.988776531070471 ], [ 597517.753504084656015, 4799400.389099131338298 ], [ 599859.229997914750129, 4798300.845098236575723 ], [ 600889.369079529074952, 4796941.329855234362185 ], [ 601194.015466417069547, 4794784.670336863026023 ], [ 601618.26322988467291, 4793892.670520334504545 ], [ 602492.217888771905564, 4794052.207589464262128 ], [ 603436.685359486844391, 4794534.391628969460726 ], [ 605176.87179400306195, 4794793.663636844605207 ], [ 606813.159294683253393, 4795519.590700720436871 ], [ 607556.375639994512312, 4795445.244329885579646 ], [ 609106.410373026505113, 4794735.25251570623368 ], [ 609916.343534483225085, 4794174.294575083069503 ], [ 609696.849845695891418, 4792968.109622247517109 ], [ 609846.7790285453666, 4791997.528487043455243 ], [ 610468.986248366767541, 4790107.540512411855161 ], [ 610879.968902666354552, 4789606.212166836485267 ], [ 611877.495962186018005, 4789166.213786972686648 ], [ 612756.490976955392398, 4789048.727157727815211 ], [ 613777.933957704459317, 4789197.804346852935851 ], [ 614654.498427384183742, 4789723.466302413493395 ], [ 615708.803561226464808, 4792611.673685290850699 ], [ 616907.903684010147117, 4793369.920637953095138 ], [ 618518.898866099189036, 4793340.488812311552465 ], [ 621056.394688063650392, 4792630.412508022971451 ], [ 624472.89941002742853, 4790915.460425403900445 ], [ 626263.280499319778755, 4791430.787769745104015 ], [ 627236.504669924033806, 4791437.492073089815676 ], [ 629614.355558800511062, 4789074.135130413807929 ], [ 630002.56734503840562, 4785016.894688653759658 ], [ 629205.011781468987465, 4780575.388788725249469 ], [ 628031.806050545303151, 4777039.785008000209928 ], [ 627027.921753835049458, 4775634.581319266930223 ], [ 623743.044267448945902, 4771960.381205460056663 ], [ 623091.2117501180619, 4771009.993713282980025 ], [ 624157.168619567877613, 4768621.078551564365625 ], [ 625664.955430129077286, 4766975.22765832208097 ], [ 627485.814265527995303, 4765969.867606459185481 ], [ 629491.333620634046383, 4765473.658330272883177 ], [ 631726.31566102465149, 4765326.894522774964571 ], [ 633102.585797149105929, 4765809.947438772767782 ], [ 633767.852305608219467, 4767324.196411718614399 ], [ 633908.629951828857884, 4770237.644832727499306 ], [ 634428.53479883086402, 4772475.388780407607555 ], [ 635797.538416393799707, 4774087.045632047578692 ], [ 637608.485289793810807, 4774815.158613659441471 ], [ 639455.792504823883064, 4774364.68244759645313 ], [ 637782.494691454805434, 4772863.794855821877718 ], [ 637151.446098505519331, 4771395.697038403712213 ], [ 637547.354208377422765, 4769916.703594351187348 ], [ 638955.462077831616625, 4768357.769799342378974 ], [ 640506.441217699786648, 4767459.408207194879651 ], [ 645246.801607856759802, 4766717.391759428195655 ], [ 648079.749215907067992, 4765225.093039056286216 ], [ 650784.430438679060899, 4763110.99370539560914 ], [ 653835.897353917127475, 4763460.247081333771348 ], [ 654549.741831206250936, 4763197.857316480018198 ], [ 656539.60735264280811, 4761870.789635525085032 ], [ 659370.320498267537914, 4761582.966872358694673 ], [ 660731.822893201722763, 4761224.336378931999207 ], [ 661753.567784961196594, 4760085.636782241985202 ], [ 664644.929252275032923, 4758021.319619180634618 ], [ 667789.025230242288671, 4757081.178432647138834 ], [ 674303.464875185047276, 4756706.749900525435805 ], [ 680564.14163417823147, 4758002.934527632780373 ], [ 682767.801564188790508, 4757309.006469398736954 ], [ 684404.430822781170718, 4753395.90935665089637 ], [ 684383.127037020982243, 4752617.166531921364367 ], [ 684122.593485300778411, 4752099.05469040479511 ], [ 684049.981798702850938, 4751499.843948792666197 ], [ 684532.895005987840705, 4750499.169389830902219 ], [ 685386.094049450475723, 4749712.37438116595149 ], [ 687816.2731418578187, 4749657.743918373249471 ], [ 690667.147496748133563, 4747993.164649616926908 ], [ 692153.439966222271323, 4746816.95557212177664 ], [ 695445.450504652457312, 4742648.070280271582305 ], [ 695577.195784786948934, 4742177.978483552113175 ], [ 695429.419434701674618, 4741274.945295950397849 ], [ 695977.451501136645675, 4741040.668703821487725 ], [ 697666.915746649028733, 4740976.9147590668872 ], [ 698159.558878970798105, 4740319.068871918134391 ], [ 698072.481073707109317, 4738932.382797734811902 ], [ 698878.087192172184587, 4738432.903808279894292 ], [ 699517.817228497355245, 4738551.889332374557853 ], [ 700860.213595682173036, 4739532.804444441571832 ], [ 701571.712558678351343, 4739797.671821251511574 ], [ 701638.106503422604874, 4742444.588209336623549 ], [ 703722.95501459762454, 4742448.482796233147383 ], [ 708196.69851359014865, 4740517.23418159969151 ], [ 710688.763307628920302, 4740788.247471473179758 ], [ 712630.368981996551156, 4742031.189710792154074 ], [ 716462.993308917270042, 4745255.444427466019988 ], [ 717195.445493279257789, 4744554.696645435877144 ], [ 717827.65010753669776, 4744821.68703433778137 ], [ 718366.859898872673512, 4745686.105976389721036 ], [ 718777.442200981313363, 4746802.126172843389213 ], [ 720071.725996111752465, 4745657.106189024634659 ], [ 725105.351062666275539, 4742818.103261149488389 ], [ 726145.05850082077086, 4740783.92575809173286 ], [ 728345.419273481238633, 4740595.051781292073429 ], [ 730692.961181442718953, 4741325.30095546040684 ], [ 732142.91280956112314, 4741997.361691190861166 ], [ 732026.071532312664203, 4740062.965689463540912 ], [ 732568.507730901124887, 4738159.392579887993634 ], [ 733611.578046714304946, 4736548.551960594952106 ], [ 734998.677283026860096, 4735483.869444977492094 ], [ 735520.929856276838109, 4734886.885992077179253 ], [ 735906.407955329748802, 4733397.572365715168417 ], [ 737836.42865177069325, 4732777.122259265743196 ], [ 739310.167500373907387, 4731270.890717775560915 ], [ 742589.199536199099384, 4730103.802632418461144 ], [ 745416.594607606879435, 4730467.857741611078382 ], [ 751652.98242888529785, 4733022.177505983039737 ], [ 756649.051047091372311, 4733955.871761637739837 ], [ 758146.332072171848267, 4735054.732942199334502 ], [ 759467.211989929550327, 4735311.121827943250537 ], [ 763868.888942040037364, 4734337.02923721075058 ], [ 765201.447806580807082, 4733738.586049628444016 ], [ 767077.897118833381683, 4730698.53245248273015 ], [ 768413.522454482037574, 4729227.102884449064732 ], [ 769624.208578477730043, 4729452.348330532200634 ], [ 771796.176531850593165, 4732790.640162386000156 ], [ 773190.387371039250866, 4734308.477741855196655 ], [ 774654.675291473977268, 4734901.110065608285367 ], [ 776996.144713762914762, 4733060.293201893568039 ], [ 777190.549328484688886, 4732705.942365388385952 ], [ 777259.120802003890276, 4731788.961550867184997 ], [ 777674.546358847059309, 4731423.366637270897627 ], [ 779326.128474195487797, 4731167.964700867421925 ], [ 780921.086565433302894, 4731318.793357908725739 ], [ 784012.153537912527099, 4732269.996347765438259 ], [ 785394.765401445445605, 4731754.913306627422571 ], [ 795594.790130051318556, 4732482.40341623686254 ], [ 798516.164974734187126, 4732216.927995207719505 ], [ 799574.754752164008096, 4732653.710371005348861 ], [ 800234.588320912676863, 4733869.719432502053678 ], [ 800241.554383632726967, 4735661.170140909962356 ], [ 799609.93496333155781, 4737318.507036640308797 ], [ 798574.801200977293774, 4738512.781693116761744 ], [ 797397.741519627394155, 4738878.823233182542026 ], [ 798132.8749548450578, 4740500.414446671493351 ], [ 798721.113842517836019, 4741005.996363637968898 ], [ 797761.970159587915987, 4742220.879305342212319 ], [ 798777.076660305843689, 4745381.3450444098562 ], [ 798496.64658083464019, 4747746.843157728202641 ], [ 798816.005840928759426, 4749359.241999232210219 ], [ 800667.295225630397908, 4750184.592026622965932 ], [ 802898.434063445776701, 4750446.409871496260166 ], [ 804340.67352705122903, 4750366.337279587052763 ], [ 807211.576552961952984, 4749378.361445781774819 ], [ 808653.32308636943344, 4749129.48799729719758 ], [ 810234.629806351964362, 4749355.908376449719071 ], [ 811648.214626925531775, 4749172.516356976702809 ], [ 815275.681766076013446, 4747238.554643243551254 ], [ 817744.871445792727172, 4746403.087768997997046 ], [ 819841.951566374511458, 4744656.746963452547789 ], [ 820738.333277581492439, 4744330.308119906112552 ], [ 822237.276051555061713, 4745435.61694099009037 ], [ 823061.413513836683705, 4745747.451967333443463 ], [ 823767.146853789687157, 4745513.124223181977868 ], [ 825815.513297980185598, 4744122.765650958754122 ], [ 832814.196799979312345, 4743985.566901474259794 ], [ 834548.287292736582458, 4743534.515072107315063 ], [ 836057.810324949910864, 4742304.875610459595919 ], [ 836939.332875898340717, 4740748.511961715295911 ], [ 837641.210098477546126, 4739056.860941765829921 ], [ 838554.030020184582099, 4737568.326115572825074 ], [ 840009.735552563099191, 4736609.998531204648316 ], [ 840921.250202764407732, 4736539.863371165469289 ], [ 843611.795053156442009, 4737559.272931026294827 ], [ 853703.708605731022544, 4738037.256321907043457 ], [ 855652.193592095398344, 4737613.666734457947314 ], [ 855377.837139849318191, 4736016.969668722711504 ], [ 855815.663092023227364, 4735593.506676847115159 ], [ 856588.496898338198662, 4735590.187640817835927 ], [ 857293.573691004770808, 4735255.417259380221367 ], [ 858877.138803745037876, 4732721.790154529735446 ], [ 860566.444623332004994, 4730625.555946424603462 ], [ 862146.940463972277939, 4726889.427292665466666 ], [ 863415.315018865047023, 4725401.880543024279177 ], [ 862686.283441115985624, 4723568.040040452964604 ], [ 862639.23540076543577, 4722515.239547688513994 ], [ 863350.849520640214905, 4722086.287540886551142 ], [ 863364.753315215348266, 4721658.242652700282633 ], [ 862129.733292613062076, 4719234.055554195307195 ], [ 861923.873994598165154, 4717957.1897710012272 ], [ 863761.844964378979057, 4718300.652756330557168 ], [ 865272.73179768724367, 4717090.703342470340431 ], [ 865645.319192654802464, 4715349.118822443298995 ], [ 864084.141335012507625, 4714096.0007653106004 ], [ 862262.988788943272084, 4713244.128434205427766 ], [ 864827.044718742836267, 4709671.655337757430971 ], [ 864899.927053413237445, 4708279.810828294605017 ], [ 865880.446996221318841, 4707629.060775090940297 ], [ 870898.637865034514107, 4707229.463601159863174 ], [ 871565.569550822954625, 4707357.070258298888803 ], [ 872489.957151921698824, 4707933.073157504200935 ], [ 873728.935558203840628, 4709795.310624651610851 ], [ 878878.006806852295995, 4710749.862962196581066 ], [ 881452.303634401876479, 4712004.352150939404964 ], [ 882180.121440349845216, 4715049.442705678753555 ], [ 882458.365909597603604, 4715413.041330771520734 ], [ 882697.930863523506559, 4715549.998240017332137 ], [ 882932.349584840121679, 4715470.788290803320706 ], [ 883163.697656646138057, 4715138.101292688399553 ], [ 884160.326703592436388, 4714836.128324147313833 ], [ 885153.709049878641963, 4714902.577543575316668 ], [ 886047.528597857803106, 4715381.057756349444389 ], [ 886777.697917207959108, 4716348.589316203258932 ], [ 887206.996577599085867, 4715983.848294314928353 ], [ 887258.505043747718446, 4715364.898650319315493 ], [ 888805.833697993541136, 4714820.759692977182567 ], [ 893951.927736066048965, 4714404.926407478749752 ], [ 895717.827803016640246, 4713782.465577444061637 ], [ 900514.059588737785816, 4710886.612198550254107 ], [ 902470.06018187769223, 4710547.276551190763712 ], [ 904014.030167323770002, 4710550.264696458354592 ], [ 905322.169697183300741, 4710061.840655808337033 ], [ 906553.436476995353587, 4708261.755874437279999 ], [ 907876.58447654126212, 4704169.130961517803371 ], [ 908760.047939174808562, 4702498.689654463902116 ], [ 910460.310496236896142, 4701184.390079784207046 ], [ 911511.930056148790754, 4700592.50507400278002 ], [ 912637.974423638661392, 4700480.344893322326243 ], [ 914769.6467590930406, 4700848.462761326692998 ], [ 916103.106155312154442, 4701273.359138165600598 ], [ 917019.965855145244859, 4701947.270488812588155 ], [ 918318.924683527089655, 4703514.053401399403811 ], [ 920194.621384317753837, 4705138.903170198202133 ], [ 921425.814877368044108, 4708087.885694846510887 ], [ 922698.1711754957214, 4708789.994401928968728 ], [ 926615.694856980117038, 4708536.034481042064726 ], [ 931604.527221464901231, 4710439.23535677883774 ], [ 934172.792883560527116, 4710878.280283791944385 ], [ 936550.232839531265199, 4709727.352589381858706 ], [ 937588.350020691286772, 4708971.250711945816875 ], [ 942521.122889042599127, 4707020.514326319098473 ], [ 945118.672970267245546, 4706620.944267404265702 ], [ 946433.439747598255053, 4706641.550095275975764 ], [ 947152.666953922132961, 4704886.399259194731712 ], [ 948557.890541567001492, 4703238.706136086024344 ], [ 950231.521963431616314, 4702081.156947922892869 ], [ 951782.273212791886181, 4701774.872292272746563 ], [ 953513.213941764435731, 4700935.850897227413952 ], [ 954453.4125929500442, 4700685.627436735667288 ], [ 955312.182771338615566, 4700767.452664756216109 ], [ 955830.558883452089503, 4701346.011441266164184 ], [ 956402.997910509351641, 4703190.664867521263659 ], [ 957003.417353092459962, 4703817.951880589127541 ], [ 958593.036887900205329, 4703965.398444024845958 ], [ 962468.440832090564072, 4702917.947249936871231 ], [ 964305.344372764229774, 4702696.729050238616765 ], [ 966503.030671800253913, 4702969.987548218108714 ], [ 966436.76018282037694, 4703449.914802035316825 ], [ 965338.009680404444225, 4704532.707907651551068 ], [ 964447.281556817702949, 4706606.78636022657156 ], [ 965038.881456945789978, 4707609.111323137767613 ], [ 968327.392604434047826, 4710585.480585848912597 ], [ 969732.050841845571995, 4711429.6778748575598 ], [ 971408.02779637882486, 4711669.743021656759083 ], [ 974666.226178980316035, 4711392.103056094609201 ], [ 976366.243028545286506, 4711782.076308670453727 ], [ 977627.498285113135353, 4712710.501737161539495 ], [ 979944.88009746116586, 4715298.106758433394134 ], [ 981208.802252886001952, 4716172.734981313347816 ], [ 983940.389436167431995, 4716454.494334210641682 ], [ 985301.848515594610944, 4716780.077581645920873 ], [ 987857.877717866795138, 4719076.08692095335573 ], [ 990590.726840715389699, 4718238.585451533086598 ], [ 991928.063420466147363, 4719261.960507265292108 ], [ 995782.288226626580581, 4719126.112920892424881 ], [ 997117.276720669586211, 4716945.111260702833533 ], [ 997977.226239095674828, 4716155.500795505940914 ], [ 999008.645415102830157, 4715600.417214170098305 ], [ 1000739.864545346237719, 4715185.207889925688505 ], [ 1002858.323995478102006, 4715095.550073347985744 ], [ 1005002.989871430327184, 4715354.688421915285289 ], [ 1008509.131325356429443, 4716229.315761686302722 ], [ 1008433.560851281159557, 4714717.284165614284575 ], [ 1007903.537346992525272, 4712288.199698762968183 ], [ 1008385.964855242636986, 4710569.203886114060879 ], [ 1008524.395019190618768, 4708670.613170240074396 ], [ 1009699.64107757085003, 4707161.237554620020092 ], [ 1011168.613989442936145, 4706159.764414055272937 ], [ 1012982.520850127679296, 4706620.048969437368214 ], [ 1014901.789942435570993, 4706838.626921027898788 ], [ 1016103.273751896806061, 4705363.803074706345797 ], [ 1016666.793351331376471, 4705405.472861791029572 ], [ 1017489.334094743942842, 4706320.908146788366139 ], [ 1018584.730557160568424, 4706193.098210169933736 ], [ 1020663.01172020228114, 4705006.798607664182782 ], [ 1018998.896487155929208, 4700978.371756684966385 ], [ 1018628.293983655981719, 4698146.367744845338166 ], [ 1018056.89584899530746, 4697290.442463835701346 ], [ 1017356.788655404699966, 4696620.522847402840853 ], [ 1016836.306534887175076, 4695436.709932927042246 ], [ 1015478.357981396373361, 4695991.136699579656124 ], [ 1012470.505701346439309, 4695102.345271459780633 ], [ 1009796.707055973587558, 4696020.652842727489769 ], [ 1009010.908410160220228, 4697076.864194915629923 ], [ 1007502.612906988011673, 4696649.275362596847117 ], [ 1005880.071165489498526, 4694623.377594859339297 ], [ 1005104.149505980312824, 4692177.303718337789178 ], [ 1005388.134429649799131, 4685509.192982837557793 ], [ 1006029.41550295217894, 4683551.499719968065619 ], [ 1007464.763894862029701, 4682219.050026964396238 ], [ 1010444.247120856540278, 4680689.636875218711793 ], [ 1014222.137055129744112, 4676086.996714386157691 ], [ 1014199.141171056311578, 4674706.227085325866938 ], [ 1013189.608711771317758, 4673538.619707164354622 ], [ 1012966.989354172139429, 4672062.475464306771755 ], [ 1013565.219068020582199, 4670355.249856385402381 ], [ 1014306.130909817526117, 4667346.191723768599331 ], [ 1014680.40916257048957, 4666769.019238694570959 ], [ 1016325.952114511514083, 4665593.796608115546405 ], [ 1016811.775981912622228, 4664793.061613529920578 ], [ 1016679.724268826423213, 4662606.521072507835925 ], [ 1014887.077423489885405, 4658890.335012283176184 ], [ 1014053.569047471741214, 4655966.913967501372099 ], [ 1012800.541295221773908, 4654417.543857798911631 ], [ 1010681.698496092576534, 4650928.11732480302453 ], [ 1007894.858914639800787, 4650976.024741648696363 ], [ 1004887.191557897487655, 4648422.347932805307209 ], [ 1004308.603211656678468, 4645306.127415764145553 ], [ 1002016.89611393737141, 4643783.55971997231245 ], [ 994989.357303194701672, 4637418.756587241776288 ], [ 993663.531914342544042, 4634891.793043050915003 ], [ 986072.676702589960769, 4632382.517753205262125 ], [ 984501.423757820157334, 4630858.998473856598139 ], [ 984006.100686612073332, 4629526.735396060161293 ], [ 983232.327654392225668, 4629288.227902363054454 ], [ 982253.46822531381622, 4629263.015290073119104 ], [ 981303.552670980338007, 4626584.393431625328958 ], [ 971046.430522043723613, 4621407.014600364491343 ], [ 954664.915065212640911, 4612534.899639095179737 ], [ 953067.189800654770806, 4610618.88610256370157 ], [ 948462.975040316581726, 4607013.498453916981816 ], [ 942393.084528962266631, 4603974.887975498102605 ], [ 940051.608906916808337, 4601971.541154936887324 ], [ 937986.983317288104445, 4598761.128423669375479 ], [ 934360.279125083237886, 4591384.225908880122006 ], [ 932162.542542867362499, 4587896.185961022041738 ], [ 929574.753282151883468, 4585179.704888921231031 ], [ 923880.952032761881128, 4581606.572884769178927 ], [ 920534.495629565091804, 4580436.921504331752658 ], [ 914838.497440908337012, 4579533.343276823870838 ], [ 909287.318241890985519, 4577749.397925901226699 ], [ 907640.441056278534234, 4576609.552544766105711 ], [ 906834.868208269122988, 4576328.669574989005923 ], [ 903962.205064703011885, 4576295.364335584454238 ], [ 887840.308739502681419, 4570409.408173896372318 ], [ 880726.474293607287109, 4569508.29490621574223 ], [ 860046.851870035403408, 4560533.934944843873382 ], [ 854204.102279377402738, 4558957.318175009451807 ], [ 853580.497287241159938, 4558392.650060548447073 ], [ 851557.856035690987483, 4554141.819960145279765 ], [ 850682.575228491332382, 4553665.024607136845589 ], [ 847986.779771982925013, 4554990.104579803533852 ], [ 844291.233708093874156, 4554720.12145877443254 ], [ 840793.121923210215755, 4553890.637741304002702 ], [ 837645.523691612994298, 4552286.632386392913759 ], [ 835435.735902569023892, 4550840.216519625857472 ], [ 826357.875709331477992, 4540981.417036291211843 ], [ 822022.152604800998233, 4534651.422969054430723 ], [ 813273.256761162658222, 4524886.092690870165825 ], [ 811776.183927524136379, 4521572.865140709094703 ], [ 814084.307335213641636, 4520366.994478704407811 ], [ 816543.814881974831223, 4519503.20795505028218 ], [ 817572.074558197055012, 4519601.608103670179844 ], [ 817960.605405966518447, 4520170.548106315545738 ], [ 817609.450474768644199, 4520974.769883489236236 ], [ 816446.717561067081988, 4521771.36704002507031 ], [ 817866.28692049253732, 4521723.647511128336191 ], [ 819039.864214874571189, 4521158.585373035632074 ], [ 820048.31768980412744, 4520278.722947167232633 ], [ 822178.301200632588007, 4517836.182334030047059 ], [ 824442.947916213888675, 4516124.334398572333157 ], [ 825482.853623764589429, 4516283.15152735915035 ], [ 827158.182878558989614, 4515777.517582736909389 ], [ 827150.338984456029721, 4513459.28172601480037 ], [ 826041.756325103808194, 4511092.582684640772641 ], [ 825269.383613198297098, 4509845.438430660404265 ], [ 819903.13570932042785, 4508009.687686106190085 ], [ 817652.349386267131194, 4505830.857134882360697 ], [ 813756.60850187484175, 4499120.424241253174841 ], [ 811305.94568201887887, 4496989.887591163627803 ], [ 808876.930201802868396, 4495970.024008209817111 ], [ 806177.2668082077289, 4495473.920285818167031 ], [ 804062.411584006156772, 4498573.322550535202026 ], [ 808119.038364672334865, 4499269.634421162307262 ], [ 810083.34421566571109, 4498002.482079153880477 ], [ 812807.85439445450902, 4499854.457532892003655 ], [ 815689.426309115020558, 4504801.172841514460742 ], [ 813970.696499513695017, 4504999.92342977784574 ], [ 811418.978909760015085, 4504675.281907243654132 ], [ 804538.734178092330694, 4502109.196345440112054 ], [ 802924.635500292759389, 4500925.463702763430774 ], [ 801574.1161498806905, 4499354.569627736695111 ], [ 800385.918623146601021, 4497337.989990460686386 ], [ 796778.647911550244316, 4487392.017618890851736 ], [ 795344.881402942584828, 4485203.945528679527342 ], [ 793944.496426460216753, 4483551.478987142443657 ], [ 792870.787225003936328, 4481663.250434850342572 ], [ 792429.570311102317646, 4478795.414136072620749 ], [ 790319.934560332912952, 4476469.160434528253973 ], [ 784840.649956109235063, 4464767.429873908869922 ], [ 783895.284290006151423, 4463559.954962293617427 ], [ 781681.431521584745497, 4461603.854247050359845 ], [ 780597.509358877316117, 4460369.081961619667709 ], [ 777847.883584947325289, 4456155.104780543595552 ], [ 772937.609146989881992, 4451723.837480317801237 ], [ 768131.448641660506837, 4441248.040746281854808 ], [ 765873.166922734235413, 4438667.299032489769161 ], [ 761627.43343192350585, 4435806.059277923777699 ], [ 759546.426700254552998, 4432505.507362438365817 ], [ 756104.476554107503034, 4424506.24651647452265 ], [ 754014.656460024532862, 4421085.325073360465467 ], [ 748855.168798560975119, 4414928.218311982229352 ], [ 740486.573197084013373, 4399938.426853493787348 ], [ 740066.005127877462655, 4398758.75069675873965 ], [ 739950.597583849914372, 4396078.495697848498821 ], [ 739425.656651537399739, 4394199.347008466720581 ], [ 738533.737998985452577, 4392761.007483078166842 ], [ 736553.502666964195669, 4390439.315653441473842 ], [ 735426.700897793285549, 4388759.115444322116673 ], [ 734444.854601610335521, 4386780.617514654062688 ], [ 734043.963376049650833, 4384892.222278086468577 ], [ 733519.562649979605339, 4383492.917947120964527 ], [ 730952.135248114704154, 4379487.078444512560964 ], [ 730098.008655351353809, 4377486.027128729969263 ], [ 729593.446946818032302, 4373491.957544066943228 ], [ 730025.749505376908928, 4367979.54390368424356 ], [ 730751.721309317625128, 4363274.214136756956577 ], [ 732635.90773325227201, 4355984.208518692292273 ], [ 738397.575002896366641, 4344318.823667228221893 ], [ 740516.28534289309755, 4340649.72904343996197 ], [ 738263.152464154874906, 4338851.67593555804342 ], [ 739785.61440799140837, 4332843.689949730411172 ], [ 741340.642363570164889, 4329214.726573724299669 ], [ 746104.955705404514447, 4320857.415921565145254 ], [ 749519.394402694888413, 4315295.333268595859408 ], [ 750847.61881488095969, 4313714.345080165192485 ], [ 754168.441172933904454, 4311252.453027119860053 ], [ 757539.738824374158867, 4307956.975664854049683 ], [ 759430.06709918892011, 4306567.344451012089849 ], [ 761808.443160399445333, 4306048.817478915676475 ], [ 765783.657421485520899, 4305787.906824527308345 ], [ 769984.792149687185884, 4304722.705048050731421 ], [ 773787.159502329537645, 4302750.447042644023895 ], [ 776613.895736544276588, 4299796.073978257365525 ], [ 775391.436993691837415, 4298925.971234912052751 ], [ 776447.161000115564093, 4298487.849447813816369 ], [ 777158.488151857745834, 4297780.052261371165514 ], [ 779579.765076596289873, 4295965.565555788576603 ], [ 780427.370350553421304, 4296226.094771764241159 ], [ 781027.408571695210412, 4294877.000841662287712 ], [ 781131.2017724562902, 4293144.050416139885783 ], [ 780567.043777892948128, 4292269.381230504252017 ], [ 778942.994784662616439, 4292117.271250556223094 ], [ 777484.034698816714808, 4291699.921328050084412 ], [ 776178.386597999720834, 4290944.488318838179111 ], [ 774987.347115627489984, 4289736.519107488915324 ], [ 774048.715345124714077, 4287361.715936015360057 ], [ 773562.253471597912721, 4286666.688191848807037 ], [ 771887.484162289183587, 4286514.384500533342361 ], [ 771274.572390907211229, 4286195.04254184383899 ], [ 770159.037878398434259, 4285017.63209216017276 ], [ 769164.838412184966728, 4284436.855864055454731 ], [ 768262.024533397401683, 4283664.856775091961026 ], [ 767460.100234721554443, 4281888.025728335604072 ], [ 768161.272568090003915, 4280333.493581575341523 ], [ 766393.421741790603846, 4280699.322550564073026 ], [ 765202.090985000599176, 4280370.263907051645219 ], [ 764064.950448731076904, 4279794.501777424477041 ], [ 762476.741076812380925, 4279448.229471627622843 ], [ 759884.408983785891905, 4279327.24953390751034 ], [ 758675.520485844346695, 4278872.036095598712564 ], [ 757474.513364217476919, 4277838.562185933813453 ], [ 756505.427218263270333, 4275980.855326394550502 ], [ 756705.569270713021979, 4272840.599976423196495 ], [ 756195.928123453166336, 4271241.895490998402238 ], [ 754900.480262232013047, 4269780.949389290064573 ], [ 753629.020504645304754, 4269229.715803416445851 ], [ 750007.151803725864738, 4269115.843227467499673 ], [ 746090.113224539440125, 4268094.944889062084258 ], [ 743923.467525029904209, 4267178.843189671635628 ], [ 741208.788592905038968, 4265103.215485144406557 ], [ 732984.892022768734023, 4261348.082545503042638 ], [ 731691.100847236113623, 4260375.029432714916766 ], [ 731181.308474775054492, 4259072.18292725738138 ], [ 730505.290052404045127, 4258600.779639445245266 ], [ 727424.075556338997558, 4254937.933514905162156 ], [ 726518.347884786897339, 4253258.205356263555586 ], [ 726223.848451224388555, 4251080.524795766919851 ], [ 726270.406341637135483, 4249929.342182415537536 ], [ 725959.784434590023011, 4249459.632285978645086 ], [ 723151.602437455789186, 4249227.731430805288255 ], [ 721910.352036795346066, 4248818.353672676719725 ], [ 721028.518314602319151, 4247885.739151190035045 ], [ 720743.767796504311264, 4246196.752226440235972 ], [ 717637.297577896388248, 4246293.124252220615745 ], [ 716973.224270035978407, 4241864.54965224955231 ], [ 718538.900587758864276, 4231752.218356791883707 ], [ 717572.539387554163113, 4230424.730527235195041 ], [ 716057.112074810895137, 4230013.654381444677711 ], [ 712900.684988059918396, 4230156.124745007604361 ], [ 710939.495740356040187, 4229598.7697658482939 ], [ 709386.726672889199108, 4228270.696907266974449 ], [ 708187.165493311360478, 4226504.659346173517406 ], [ 707296.507566140964627, 4224638.268453768454492 ], [ 706780.176702348515391, 4223052.63736061193049 ], [ 706449.687451720354147, 4221309.104029408656061 ], [ 705969.885579935507849, 4207226.348070892505348 ], [ 705215.987222514348105, 4206204.290024266578257 ], [ 702908.054003455908969, 4205242.999964792281389 ], [ 701289.237330152769573, 4203440.864417099393904 ], [ 700485.109504448133521, 4201948.181031912565231 ], [ 697164.673993142088875, 4193021.175452087540179 ], [ 697021.865991138736717, 4191210.545915687922388 ], [ 697539.425519134383649, 4186668.841803090181202 ], [ 697157.419404104351997, 4185557.293413347564638 ], [ 694686.650632029748522, 4188462.183438261505216 ], [ 692674.614670817856677, 4182559.705031699035317 ], [ 691539.367838770151138, 4181566.427137817721814 ], [ 689592.060063864802942, 4180934.083327377680689 ], [ 688895.299761720816605, 4179409.191558260004967 ], [ 689251.321252617170103, 4177339.248457869980484 ], [ 692263.654463832266629, 4172181.928186876233667 ], [ 693161.159079807111993, 4171114.092871808912605 ], [ 696048.065849550301209, 4169316.211537731811404 ], [ 698092.640718379756436, 4168389.072412989567965 ], [ 699857.233954811934382, 4168214.652376377023757 ], [ 700564.166089993435889, 4169582.62450059177354 ], [ 702217.119726406643167, 4168678.614205059595406 ], [ 702844.904462693491951, 4167397.312557876575738 ], [ 702517.834461388876662, 4166079.08339134324342 ], [ 701270.661845260066912, 4165050.205810252577066 ], [ 700567.797272552736104, 4164242.520486559253186 ], [ 699806.111116164363921, 4163781.362514428794384 ], [ 699008.565811862470582, 4163762.168193854857236 ], [ 698216.020779109792784, 4164285.30925076501444 ], [ 697387.901006861007772, 4163741.472015735693276 ], [ 694984.199669597670436, 4162781.016562757082283 ], [ 693536.879120015189983, 4162412.787622371688485 ], [ 691056.150066320667975, 4161018.040288598276675 ], [ 687746.458496544742957, 4160942.449895970989019 ], [ 686619.767277706880122, 4160682.113820332568139 ], [ 685403.753278051037341, 4160072.100880960002542 ], [ 683268.838313963264227, 4158565.575648525729775 ], [ 682501.475868645124137, 4159117.840126819908619 ], [ 678949.462919894955121, 4160747.96072153467685 ], [ 676030.431942437426187, 4161245.605114189442247 ], [ 670418.792863377486356, 4161254.84654326364398 ], [ 668848.850796735729091, 4161033.020392235834152 ], [ 667475.486089431331493, 4160508.320225865580142 ], [ 666500.915212782099843, 4159630.510487919673324 ], [ 666051.539329231251031, 4158551.032728581223637 ], [ 666349.741996179916896, 4157486.533765841275454 ], [ 667367.579582201549783, 4155592.288193176500499 ], [ 661926.518261643126607, 4156774.309760088101029 ], [ 660864.742976579931565, 4158987.882094166707247 ], [ 658991.231711844680831, 4159249.392673952970654 ], [ 655170.059068897040561, 4160579.835856632795185 ], [ 653873.368532933760434, 4159202.707365099340677 ], [ 653538.946713967365213, 4158158.471640311647207 ], [ 651054.066928704502061, 4158196.762536005116999 ], [ 648048.076192225562409, 4158539.253670369740576 ], [ 645463.653195777675137, 4157153.016880349256098 ], [ 644074.619062690995634, 4156180.406886226963252 ], [ 640206.89411684894003, 4152248.494123750831932 ], [ 638747.860411749687046, 4151289.215466594789177 ], [ 636531.147900170646608, 4150651.918818095698953 ], [ 635193.819169535650872, 4149469.500874757766724 ], [ 634700.027319403947331, 4148404.785372083075345 ], [ 633737.680841376306489, 4144004.421441240236163 ], [ 632987.629365138709545, 4143391.826282281428576 ], [ 632466.591861825902015, 4143546.100753212347627 ], [ 631985.347465543076396, 4143917.792632169555873 ], [ 631379.597794747445732, 4143966.930354359559715 ], [ 628869.163639956852421, 4141904.729055027477443 ], [ 626753.090735812555067, 4141312.376096999738365 ], [ 622269.478279862320051, 4139285.746271746233106 ], [ 620260.725806105183437, 4138008.927672156132758 ], [ 619899.164492806885391, 4136695.449814611580223 ], [ 619298.556683308095671, 4135800.429488447494805 ], [ 617696.950999220716767, 4136005.084501130506396 ], [ 616889.134128536679782, 4135009.400552443694323 ], [ 616418.759076179470867, 4133065.757126009091735 ], [ 615282.246051092864946, 4130769.793116105720401 ], [ 612715.319279468967579, 4126960.113554726820439 ], [ 607577.190066815586761, 4121655.093985743820667 ], [ 605353.210053233313374, 4118502.501322141848505 ], [ 603845.436437181662768, 4113968.769090106710792 ], [ 603235.148523555137217, 4110105.512458729557693 ], [ 602198.206886373111047, 4107076.931930719409138 ], [ 601758.147079184418544, 4103983.450328771490604 ], [ 599190.00243412621785, 4097171.703993269242346 ], [ 597346.809432239970192, 4094057.729776005726308 ], [ 597286.462186932796612, 4092689.084119965787977 ], [ 598057.661540793953463, 4089898.85906874993816 ], [ 597920.472134955809452, 4088913.074982070364058 ], [ 597492.297594202216715, 4088330.269194123335183 ], [ 596814.137382254935801, 4088051.629603850655258 ], [ 594819.101837586495094, 4087880.133033355232328 ], [ 594278.383716282434762, 4087616.779497175011784 ], [ 593181.541610943153501, 4086503.114535523578525 ], [ 590080.177055667270906, 4084311.719443502370268 ], [ 588859.557920614606701, 4082804.576384137850255 ], [ 587993.126300403266214, 4078217.909973317291588 ], [ 586961.883437897777185, 4076875.565385286696255 ], [ 585571.812185694812797, 4075814.154605084098876 ], [ 584124.951357300858945, 4074219.727397175971419 ], [ 583788.477565794368275, 4073367.718059625476599 ], [ 583347.929214570205659, 4071268.75374115537852 ], [ 582888.404718882404268, 4070352.388650124426931 ], [ 582076.415595936705358, 4069820.887562200427055 ], [ 580251.860960556776263, 4069198.637686185538769 ], [ 579356.292725136736408, 4067077.605231969151646 ], [ 577971.222962869564071, 4065985.962951338849962 ], [ 576190.168416505097412, 4065252.154358046595007 ], [ 574459.352142997318879, 4064975.091781259514391 ], [ 571100.514402084634639, 4066007.334060155320913 ], [ 568576.973173490841873, 4068532.678269825875759 ], [ 566370.671695739612915, 4071544.2134208236821 ], [ 563973.75136518990621, 4074044.773809973616153 ], [ 560787.465765029191971, 4075998.631701750680804 ], [ 558928.352036113268696, 4076689.769139842595905 ], [ 556916.374185252236202, 4076955.964218923822045 ], [ 555264.066776606603526, 4076611.049871646799147 ], [ 552378.002447045990266, 4075067.093579314649105 ], [ 550562.32914858951699, 4074640.847765053156763 ], [ 547318.030770634417422, 4075895.160503672901541 ], [ 546242.631130969850346, 4076133.0112668517977 ], [ 539172.683493150863796, 4074860.781237762887031 ], [ 537739.255804912070744, 4074023.764680089429021 ], [ 535989.606263438705355, 4069777.706997946370393 ], [ 534182.926668322063051, 4064814.136167215183377 ], [ 530472.061568915843964, 4061071.758855528198183 ], [ 528199.850215650745668, 4060084.499587151687592 ], [ 525172.936915088328533, 4059637.242971773725003 ], [ 523568.052758637291845, 4060228.486367083154619 ], [ 521741.517091277055442, 4059442.788943191990256 ], [ 519389.375017881102394, 4061016.932399810757488 ], [ 517630.828247715020552, 4062421.401834626682103 ], [ 515986.767568983603269, 4063149.391284179873765 ], [ 515184.084574649401475, 4062908.70436792448163 ], [ 514375.422201040491927, 4061873.675298569723964 ], [ 513554.408855868969113, 4061628.597907829098403 ], [ 512615.907451978186145, 4062150.749941128306091 ], [ 510169.713651121070143, 4065415.40023382101208 ], [ 507679.523040525324177, 4067177.656440733000636 ], [ 505957.732684955000877, 4067325.235025642905384 ], [ 501096.471363541728351, 4065709.728431570809335 ], [ 493175.24859489640221, 4067115.3262436427176 ], [ 486009.940674356708769, 4066543.836010344326496 ], [ 479657.896501006151084, 4067699.435476106125861 ], [ 470577.616105944674928, 4066624.511516683734953 ], [ 469252.196939468267374, 4065744.476467530243099 ], [ 468005.187189261137974, 4064530.333001899067312 ], [ 466172.296156644821167, 4063201.307383920066059 ], [ 462914.30952218954917, 4061176.157771004363894 ], [ 457336.174931383924559, 4061266.434778368566185 ], [ 453924.341622900101356, 4064051.92753401119262 ], [ 452127.945536943618208, 4063768.913021050859243 ], [ 450894.278628761647269, 4063106.566184860188514 ], [ 447637.807831806247123, 4064701.856937716715038 ], [ 446336.411210312799085, 4066481.658624101430178 ], [ 440569.672376222151797, 4066167.03439291799441 ], [ 439297.530666373029817, 4065004.203516394365579 ], [ 434698.616342986060772, 4064515.498180342838168 ], [ 425147.48962210630998, 4067685.922073344700038 ], [ 420594.637877337925602, 4066774.953674018383026 ], [ 414191.363342209951952, 4064995.640751238446683 ], [ 405667.062263816362247, 4067437.415722627192736 ], [ 403586.225458161439747, 4066969.346653865184635 ], [ 400865.810739181586541, 4065022.063447928987443 ], [ 390617.700672443781514, 4063666.371267035137862 ], [ 374696.252914576325566, 4065157.90119832707569 ], [ 373159.859349589562044, 4064738.06660068500787 ], [ 371988.984985704359133, 4063735.095137793570757 ], [ 368906.058426862815395, 4058494.540968243032694 ], [ 367671.129554500686936, 4057199.607789832167327 ], [ 366693.127718036354054, 4055602.844087741803378 ], [ 366286.939190209959634, 4053821.165677639655769 ], [ 363580.958732111146674, 4049443.365369350649416 ], [ 357933.940168977307621, 4048769.391186173539609 ], [ 355417.556864199810661, 4044010.587659024167806 ], [ 351413.855378733132966, 4041535.264374397695065 ], [ 349516.615660250419751, 4040809.57308298908174 ], [ 345696.305574168974999, 4040010.096469011157751 ], [ 341984.198339985916391, 4040185.671727331820875 ], [ 331610.857287537306547, 4041682.531595713458955 ], [ 329611.992475020291749, 4041816.638399286195636 ], [ 328753.666977411834523, 4041553.650274253450334 ], [ 321302.726742326281965, 4036497.108239358756691 ], [ 315167.949362118029967, 4036084.775624124333262 ], [ 310968.716009935073089, 4033601.22752961050719 ], [ 309854.910408859839663, 4033241.745780051220208 ], [ 306566.142045433749445, 4032912.713424357585609 ], [ 305117.363801103085279, 4032443.888456263113767 ], [ 303945.08215104136616, 4031779.321944585070014 ], [ 302734.611556696589105, 4030248.554299311246723 ], [ 300170.724401578889228, 4025953.140266718808562 ], [ 300073.645832795300521, 4024911.993885914795101 ], [ 298475.117945112520829, 4020901.899785192683339 ], [ 297632.606248428928666, 4019259.292072630487382 ], [ 296502.981085268489551, 4018174.527011622674763 ], [ 295756.477510752854869, 4017686.146853156387806 ], [ 294262.717733293422498, 4017152.242249765899032 ], [ 294341.548681212065276, 4016310.22413724521175 ], [ 294694.422282314102631, 4015299.12632712861523 ], [ 293642.701251113205217, 4013833.418329761829227 ], [ 290571.397432475234382, 4008441.171654757112265 ], [ 290119.351069928670768, 4007304.716947634704411 ], [ 289570.150244200369343, 4002134.659954743459821 ], [ 287805.124558400013484, 4002176.21881768386811 ], [ 287124.991436456213705, 4004639.915741074830294 ], [ 285718.600540001876652, 4005690.690794889815152 ], [ 283618.330053584068082, 4006510.453438912052661 ], [ 281877.646901617641561, 4006612.528828102629632 ], [ 281557.724506573867984, 4005536.375194603577256 ], [ 280706.762534690788016, 4004613.591413473710418 ], [ 280272.288239396293648, 4003215.100774315651506 ], [ 280309.443803644797299, 4001633.094387487974018 ], [ 280866.482582758530043, 4000173.565939861349761 ], [ 280395.562360454874579, 3999372.264939864631742 ], [ 280597.844800798571669, 3997646.09338870504871 ], [ 281310.276030553737655, 3995640.660237508360296 ], [ 280996.944263301324099, 3994401.727513922844082 ], [ 280366.082995496224612, 3993667.656111416406929 ], [ 279731.645773217256647, 3993087.301208114251494 ], [ 268717.667661830084398, 3989395.519633723888546 ], [ 267396.892458421876654, 3988581.102430507075042 ], [ 264601.616783417586703, 3987819.83590727346018 ], [ 263074.789360788243357, 3991226.758346924558282 ], [ 259349.14783841825556, 3993460.756596983876079 ], [ 257792.330074431782123, 3994741.630502264946699 ], [ 255629.539611368323676, 3994006.495912053156644 ], [ 253777.746207192714792, 3994690.913165700621903 ], [ 252027.480749452777673, 3995842.784270331729203 ], [ 248240.103647887590341, 3997053.406256954651326 ], [ 246905.815535347996047, 3998348.074716698843986 ], [ 245053.808660156588303, 4001239.623115381225944 ], [ 239359.970341636391822, 4007128.662415540311486 ], [ 237658.765556599886622, 4008309.441926133353263 ], [ 235699.726683330780361, 4008341.484950379934162 ], [ 231664.737644130887929, 4007705.459677507169545 ], [ 226920.185465670074336, 4009244.76730905007571 ], [ 224704.178860645624809, 4012392.416534768883139 ], [ 223051.442257584712934, 4016160.142509780358523 ], [ 221132.230009773862548, 4019557.207562946714461 ], [ 216300.598150623438414, 4022335.370436514727771 ], [ 215768.18198415543884, 4023952.966396837960929 ], [ 215598.385468022257555, 4025802.814205806702375 ], [ 215065.884238890372217, 4027849.931734578218311 ], [ 214321.374305095523596, 4029777.53365864045918 ], [ 211371.381963936379179, 4033401.400443136226386 ], [ 208173.78092504478991, 4041727.468314540106803 ], [ 206288.950660626054741, 4045665.872868492268026 ], [ 204391.055550935969222, 4047362.885965776164085 ], [ 203653.141949024633504, 4048292.47094771405682 ], [ 204774.990629182080738, 4048769.318042079918087 ], [ 205512.796044937684201, 4048581.283349222037941 ], [ 208277.637962294800673, 4045874.07112898863852 ], [ 209009.250922004634049, 4044845.70779166277498 ], [ 208518.14997846679762, 4043921.97637811396271 ], [ 209149.249034426815342, 4042829.234071953687817 ], [ 210457.348930653766729, 4041234.609558679163456 ], [ 211578.13843533990439, 4041450.222087448462844 ], [ 212277.095048949879128, 4042046.204139160457999 ], [ 213288.902578917506617, 4043490.734400831628591 ], [ 215278.899739834363572, 4045612.693172177765518 ], [ 214643.561929822666571, 4045710.564492368604988 ], [ 212801.334841676056385, 4045179.587691019754857 ], [ 211237.48186895652907, 4045448.852500965818763 ], [ 210569.300911213795189, 4047175.590199568774551 ], [ 211258.635919196822215, 4050538.463821618352085 ], [ 210535.762895058083814, 4052683.007121111731976 ], [ 206351.481296091573313, 4056893.86504243593663 ], [ 205414.725443948991597, 4057423.284431121312082 ], [ 199357.079698694171384, 4058044.819585607852787 ], [ 197755.314880235644523, 4058512.550106851384044 ], [ 196472.771154670510441, 4059964.03718336392194 ], [ 195530.636331406421959, 4064419.596679611131549 ], [ 194653.80323251534719, 4066589.589621711522341 ], [ 193484.18838302732911, 4068702.389319680165499 ], [ 192991.626611918560229, 4070800.10452141193673 ], [ 193470.053696253453381, 4072772.531261899974197 ], [ 195214.137957185157575, 4074536.888038804288954 ], [ 196871.200068292149808, 4075305.334534693043679 ], [ 200255.346722985792439, 4076379.447553277481347 ], [ 201475.06475335120922, 4077353.993686903268099 ], [ 202495.018320728035178, 4079904.591520793735981 ], [ 201894.544216529408004, 4084555.576520472299308 ], [ 202480.525153234717436, 4087180.124580038245767 ], [ 205589.063239192997571, 4089680.681899140123278 ], [ 212798.337008030270226, 4088891.270692304708064 ], [ 215444.207396401732694, 4092111.486062058713287 ], [ 213694.087652929127216, 4091012.998826650436968 ], [ 211378.532983061973937, 4090169.128791409078985 ], [ 209113.935690308630001, 4090192.165539960376918 ], [ 207513.802219827484805, 4091693.947180543094873 ], [ 203688.114478949108161, 4090352.679287100676447 ], [ 201968.382767534232698, 4089146.846881417091936 ], [ 201197.337821760214865, 4086840.812315348070115 ], [ 201477.464392444933765, 4080121.048518692608923 ], [ 200917.833493748097681, 4078883.701372500043362 ], [ 197742.488033456262201, 4078950.522696865722537 ], [ 195339.966897318139672, 4082327.953417263459414 ], [ 192717.015982891782187, 4089802.126379549037665 ], [ 190842.035264932375867, 4093361.275661244057119 ], [ 188402.389427819172852, 4096123.230736298952252 ], [ 167174.751210429763887, 4112686.038703607860953 ], [ 164859.028473487123847, 4114044.452124238945544 ], [ 162819.250709074432962, 4114677.750922452658415 ], [ 161326.79321971302852, 4115402.649648480582982 ], [ 157782.978048633260187, 4118590.71437448868528 ], [ 154310.320899934973568, 4120451.979487172327936 ], [ 152815.205555351567455, 4123002.099059308413416 ], [ 152335.396064967382699, 4125926.756987970322371 ], [ 153003.437931286403909, 4127292.695837317034602 ], [ 154106.381632702599745, 4128156.589412875939161 ], [ 157369.240986020246055, 4132664.693045941181481 ], [ 158463.652584933675826, 4134588.085973157081753 ], [ 153750.681034762703348, 4129705.102885927539319 ], [ 151222.79430623841472, 4128063.338935474399477 ], [ 148434.421951856813394, 4128175.220509125851095 ], [ 148405.457549113954883, 4127484.123492695856839 ], [ 150216.876108983124141, 4124413.002902673091739 ], [ 151082.877591869619209, 4122431.355696051381528 ], [ 151177.579281615675427, 4121223.858464250806719 ], [ 150000.628156783757731, 4121132.509414526168257 ], [ 142370.060165836010128, 4125282.008940442465246 ], [ 136095.982095155748539, 4127635.80447762273252 ], [ 133714.334608130331617, 4126682.534946415107697 ], [ 136218.718273666279856, 4126256.813108111266047 ], [ 137385.012713777192403, 4125604.445402648299932 ], [ 115843.007069372397382, 4126014.849171589128673 ], [ 114464.323350824939553, 4125485.002164693549275 ], [ 112629.957745158113539, 4123953.220748802646995 ], [ 110976.081251998839434, 4123830.44178478512913 ], [ 109486.43843080062652, 4124515.275679053738713 ], [ 108111.313993750605732, 4125398.795868639834225 ], [ 107010.266114062396809, 4130338.339332485571504 ], [ 106696.739267908211332, 4132865.847391073126346 ], [ 107367.420965877769049, 4134524.914400813169777 ], [ 106662.975468430144247, 4138209.351327894255519 ], [ 106409.720757827162743, 4147059.470887082628906 ], [ 105044.322872240678407, 4150585.829816865734756 ], [ 105300.394759310933296, 4151827.300735784228891 ], [ 105160.002150686515961, 4154280.812139668036252 ], [ 104762.973912863701116, 4157019.70319402217865 ], [ 104235.308132666279562, 4159123.684651229996234 ], [ 103778.578343542700168, 4159826.922853988129646 ], [ 101674.356254469486885, 4161903.042060854379088 ], [ 100929.883165665552951, 4163186.784605839289725 ], [ 100341.975174822902773, 4166145.283575928770006 ], [ 99865.594979176763445, 4166283.294602140318602 ], [ 99871.464148854080122, 4167447.627043365966529 ], [ 101169.134506944799796, 4168917.71381742041558 ], [ 101511.792403911123984, 4169950.786740022711456 ], [ 101606.519311624346301, 4170492.579128941055387 ], [ 101410.997314136649948, 4171183.499820088036358 ], [ 102273.036053280113265, 4171696.990576785523444 ], [ 104724.972365064837504, 4174081.080230506137013 ], [ 105374.506957527133636, 4174944.293672272469848 ], [ 105919.713514229166321, 4176594.623523598071188 ], [ 106949.765741846582387, 4181899.459451087750494 ], [ 108302.977114986686502, 4185181.941384593490511 ], [ 109969.151773070683703, 4187380.08346747700125 ], [ 118389.903486357361544, 4193807.548495937138796 ], [ 121015.203620471060276, 4198006.886480484157801 ], [ 122163.386619470198639, 4201748.687015680596232 ], [ 124329.320388252905104, 4206840.896578565239906 ], [ 124883.027854126063175, 4208784.694133644923568 ], [ 124665.843968984554522, 4211885.068826501257718 ], [ 125300.156716903380584, 4212517.13082704693079 ], [ 128118.845125810534228, 4212957.408029374666512 ], [ 129092.410160858067684, 4213554.144443957135081 ], [ 130228.02749793214025, 4213413.489465930499136 ], [ 132408.43790727580199, 4212832.059591561555862 ], [ 133523.841872189485002, 4213353.909966289065778 ], [ 134691.862644926644862, 4213632.090116683393717 ], [ 135369.289357703062706, 4214030.06799934245646 ], [ 136331.378268535656389, 4215202.965159877203405 ], [ 137305.666602871846408, 4217473.388045414350927 ], [ 138110.162627719575539, 4218285.532695840112865 ], [ 139623.599527145037428, 4218068.983533211052418 ], [ 144502.782703699951526, 4215802.577172758057714 ], [ 146742.517645118234213, 4215966.749636336229742 ], [ 147580.629997420706786, 4218629.060528240166605 ], [ 148466.275594277132768, 4219981.742169056087732 ], [ 149377.761512575030793, 4223310.586925967596471 ], [ 151159.15141138411127, 4226607.820598372258246 ], [ 152500.727590070164297, 4230263.229930143803358 ], [ 153259.697551127406769, 4231880.295872309245169 ], [ 154282.273358904756606, 4235003.486811433918774 ], [ 152865.141999169834889, 4236121.638502856716514 ], [ 150411.699660079495516, 4236020.248697583563626 ], [ 148099.907499582390301, 4235424.857279256917536 ], [ 147383.25473298842553, 4235634.208463544026017 ], [ 146240.74209707591217, 4234192.388253171928227 ], [ 144065.618617285043001, 4233321.916563996113837 ], [ 141830.62568036315497, 4232957.605151543393731 ], [ 140500.088333465158939, 4233039.486527828499675 ], [ 138538.656109565286897, 4235052.519294960424304 ], [ 135413.165304855036084, 4244224.321378360502422 ], [ 132963.483023785578553, 4246568.862458151765168 ], [ 131776.210498937405646, 4249445.918037333525717 ], [ 123080.081655126472469, 4261759.403411714360118 ], [ 120687.964399251621217, 4263694.933037736453116 ], [ 119520.511865724809468, 4264351.123295178636909 ], [ 120837.714542398171034, 4265620.065358325839043 ], [ 121739.558225294167642, 4266813.869087938219309 ], [ 121894.893867684178986, 4268094.669590178877115 ], [ 120958.046470315835904, 4269599.573523809202015 ], [ 121876.302779847290367, 4270861.577533638104796 ], [ 123717.439393025648315, 4276381.594873157329857 ], [ 127613.079687172779813, 4281492.289629458449781 ], [ 128157.618094483041205, 4283010.836289194412529 ], [ 127927.403180081106257, 4283878.354826546274126 ], [ 126871.976726829947438, 4284652.200194700621068 ], [ 126476.94055148283951, 4285366.490654148161411 ], [ 126383.349556326982565, 4286256.438517569564283 ], [ 126689.939483694848605, 4289910.833502560853958 ], [ 127465.75699483056087, 4293675.499186989851296 ], [ 127795.305323706474155, 4294459.370567437261343 ], [ 128778.412641951639671, 4296313.882216872647405 ], [ 134095.233978958160151, 4300279.036741429939866 ], [ 135430.347542534349486, 4300732.186497923918068 ], [ 136936.41967441275483, 4301876.304272285662591 ], [ 138176.42737235489767, 4303213.911763628013432 ], [ 138709.312129609868862, 4304244.654562053270638 ], [ 139576.513375313719735, 4304915.228389039635658 ], [ 143624.349986144166905, 4305611.733247205615044 ], [ 145059.852013290452305, 4306234.288129949010909 ], [ 146163.436795685964171, 4307282.958604323677719 ], [ 147999.128555382252671, 4308526.231775090098381 ], [ 147966.550586493511219, 4310117.250262427143753 ], [ 148482.907379796553869, 4311824.693111311644316 ], [ 147378.27883577166358, 4314055.63697159755975 ], [ 149316.933594951522537, 4315530.139591750688851 ], [ 151376.635817651171237, 4318135.062013614922762 ], [ 154527.928352407587226, 4323658.695290967822075 ], [ 155427.483714899630286, 4324737.356725754216313 ], [ 155955.663453883258626, 4325840.948074607178569 ], [ 155860.953931547934189, 4326853.945891254581511 ], [ 154906.222567114105914, 4327680.4526401842013 ], [ 155589.098589326604269, 4329553.274155708029866 ], [ 155138.735170833650045, 4331751.735195363871753 ], [ 154014.359209421963897, 4333795.986974121071398 ], [ 152683.229700865165796, 4335202.881066149100661 ], [ 150750.13915551971877, 4336659.84040299244225 ], [ 148520.74209618603345, 4337386.117611065506935 ], [ 146229.473012634087354, 4337230.457756696268916 ], [ 144102.699205871496815, 4336064.686707063578069 ], [ 143038.263445377757307, 4335710.58568288013339 ], [ 141729.66992657573428, 4335997.360908105969429 ], [ 140490.055060611688532, 4336712.440716152079403 ], [ 139641.430366819957271, 4337645.508268184959888 ], [ 139563.486434650840238, 4338580.584195754490793 ], [ 140610.526748871430755, 4340705.955796224065125 ], [ 140845.311819036956877, 4341822.162819884717464 ], [ 139884.19434150645975, 4343993.810312375426292 ], [ 137895.811759575444739, 4345034.36993252672255 ], [ 135527.048567998106591, 4345776.945995611138642 ], [ 133439.817641781759448, 4347076.389590768143535 ], [ 132316.118814585090149, 4348871.632517175748944 ], [ 131756.002700154960621, 4351129.317060637287796 ], [ 131990.844671743339859, 4353453.059338187798858 ], [ 133250.789575744478498, 4355429.465072516351938 ], [ 129219.099551825027447, 4360882.453860018402338 ], [ 127658.488885526719969, 4362251.008953233249485 ], [ 127083.961836610571481, 4363589.839510302990675 ], [ 126787.58094792655902, 4365973.636607908643782 ], [ 126861.057978331518825, 4368431.716214834712446 ], [ 127386.019074169744272, 4369976.634094276465476 ], [ 128139.476392710290384, 4371545.116556230001152 ], [ 128710.530000930943061, 4374059.845464120618999 ], [ 128833.004136566712987, 4376429.288036206737161 ], [ 128250.089912676077802, 4377567.278210050426424 ], [ 124680.924803245754447, 4378705.819610091857612 ], [ 122895.961399337917101, 4379672.65276494063437 ], [ 121636.709122770931572, 4380809.780169729143381 ], [ 120937.980660022294614, 4383282.910828896798193 ], [ 120242.840367683325894, 4384277.668230795301497 ], [ 117411.47136741533177, 4385936.055631217546761 ], [ 116040.379264695744496, 4387384.761075351387262 ], [ 113652.887281934032217, 4390932.655821920372546 ], [ 112178.637403656844981, 4392421.946172653697431 ], [ 109103.80855832475936, 4402156.801472614519298 ], [ 127582.218791324296035, 4400352.89524922799319 ], [ 130203.948479362414218, 4401169.537513975985348 ], [ 131820.541136535292026, 4401425.472288644872606 ], [ 135238.167561399925034, 4401153.150564089417458 ], [ 136727.709513365407474, 4401548.398339193314314 ], [ 138535.755107045173645, 4400312.928454467095435 ], [ 141203.868892440979835, 4400067.114974789321423 ], [ 153898.413425371283665, 4401060.270439424552023 ], [ 155176.66612900554901, 4401531.731764423660934 ], [ 156271.795271248964127, 4403868.635785176418722 ], [ 155996.649712426937185, 4405456.309631098993123 ], [ 156069.553693711408414, 4406487.940505634993315 ], [ 156510.600232656463049, 4407514.565416592173278 ], [ 157615.027718448953237, 4409287.698564299382269 ], [ 157985.428277945029549, 4410329.031535275280476 ], [ 157894.134010241599753, 4411264.505028287880123 ], [ 157572.384230444207788, 4412302.281388458795846 ], [ 157506.293521963700186, 4413501.116991928778589 ], [ 158193.081144756928552, 4414976.739115208387375 ], [ 158886.318461113434751, 4415509.218703299760818 ], [ 161718.120935150363948, 4416688.451837619766593 ], [ 164014.330462245095987, 4419818.075314401648939 ], [ 164353.352239369240124, 4420878.218375507742167 ], [ 164690.428626734938007, 4423709.133617096580565 ], [ 164495.858947488362901, 4426028.789802652783692 ], [ 164769.66083099169191, 4426516.901661043055356 ], [ 165627.932055625133216, 4427111.56773944851011 ], [ 165907.443244371679612, 4427530.471981567330658 ], [ 166526.759247484384105, 4430251.298151941969991 ], [ 166905.812228190538008, 4431229.252578357234597 ], [ 166799.661696585535537, 4432441.17079867515713 ], [ 167253.107908179459628, 4433605.584799338132143 ], [ 168829.669582757574972, 4435991.462959715165198 ], [ 165669.572258032450918, 4442327.418902243487537 ], [ 163879.479006815934554, 4444792.535860103555024 ], [ 162802.385471872403286, 4446685.966275031678379 ], [ 161926.942443740263116, 4447547.189632331952453 ], [ 161025.960522668552585, 4447932.4662965843454 ], [ 158780.376660077366978, 4448355.381155331619084 ], [ 157763.262372970872093, 4448706.062110611237586 ], [ 156818.532987544545904, 4450261.091682946309447 ], [ 156378.571897938265465, 4454076.075120903551579 ], [ 155748.270116038038395, 4455732.055212401784956 ], [ 156533.498640773352236, 4456995.795242108404636 ], [ 157486.34836941305548, 4459528.477186121046543 ], [ 158298.589788598241284, 4460526.61048817075789 ], [ 159860.291213516204152, 4461145.948007568717003 ], [ 163635.523244101845194, 4463385.539372417144477 ], [ 165287.650687622430269, 4463587.890259051695466 ], [ 166946.992510593379848, 4463359.076277569867671 ], [ 168600.680706270970404, 4463401.095166453160346 ], [ 170213.26791126531316, 4464416.859264359809458 ], [ 170492.961841944430489, 4465071.496141378767788 ], [ 170678.833835838944651, 4466903.045591911301017 ], [ 171028.474379893159494, 4467750.09532087855041 ], [ 171586.426186126191169, 4468329.346479517407715 ], [ 175371.838985092472285, 4470878.314603834412992 ], [ 176156.218179828836583, 4471620.523868502117693 ], [ 177759.644840578141157, 4474230.37133851647377 ], [ 175018.369130882434547, 4477039.038972108624876 ], [ 173188.302400854881853, 4480338.024367014877498 ], [ 172850.960850403585937, 4483980.402233731001616 ], [ 174585.721427940123249, 4487808.274559104815125 ], [ 176688.03357606055215, 4490533.928217108361423 ], [ 176982.681278380681761, 4491866.398761447519064 ], [ 176597.200325396144763, 4493803.224189029075205 ], [ 175774.317221974662971, 4495356.68671561870724 ], [ 174868.256861635134555, 4496402.242593280039728 ], [ 174186.788859701540787, 4497564.589593927375972 ], [ 174096.651241921004839, 4499511.746611525304615 ], [ 174679.659977502946276, 4501216.730295677669346 ], [ 176795.596755111007951, 4504729.120543756522238 ], [ 177472.129578134103213, 4506591.138109512627125 ], [ 177450.703255516011268, 4509926.493071089498699 ], [ 176931.505309480358846, 4513680.246185708791018 ], [ 176020.162005464953836, 4517347.789310720749199 ], [ 175905.984434944286477, 4518933.832531769759953 ], [ 176000.27794621681096, 4521085.677727771922946 ], [ 176577.479547108872794, 4523388.848663710057735 ], [ 176277.005140143737663, 4525305.028757751919329 ], [ 176517.996690220432356, 4528111.627532515674829 ], [ 177914.408753502124455, 4528493.208801257424057 ], [ 178324.113095685781445, 4529878.131783252581954 ], [ 177970.047903211321682, 4531365.396975737065077 ], [ 177079.354606028180569, 4532054.052615066058934 ], [ 175830.8709081421257, 4532442.353144878521562 ], [ 175179.106630427122582, 4533396.734675395302474 ], [ 174577.136412540043239, 4535769.135089580900967 ], [ 172962.395725426671561, 4540360.020282346755266 ], [ 171867.419772865832783, 4542392.543674493208528 ], [ 169353.860518836823758, 4545322.850278976373374 ], [ 168584.525261196948122, 4546616.857642771676183 ], [ 168473.95556729414966, 4548024.908853761851788 ], [ 169439.425189798814245, 4549441.844936142675579 ], [ 169863.855693084944505, 4551515.760532691143453 ], [ 171672.661606970126741, 4552342.928006350062788 ], [ 176825.555238135450054, 4551647.895517880097032 ], [ 179130.002632958989125, 4551793.759675822220743 ], [ 180326.653723408118822, 4552885.524292194284499 ], [ 183866.917512205138337, 4557675.949616600759327 ], [ 184648.561805955076125, 4559665.845385921187699 ], [ 184558.853812912886497, 4562417.791612947359681 ], [ 184909.438000112655573, 4563190.268978441134095 ], [ 186058.274516866251361, 4564543.493555892258883 ], [ 189128.224584241048433, 4566958.673552650026977 ], [ 190342.363243093946949, 4569470.90567088406533 ], [ 193512.790965312626213, 4573837.840816905722022 ], [ 194528.351602846814785, 4574881.560085149481893 ], [ 196024.201674289768562, 4575077.511721602641046 ], [ 201508.764722478808835, 4574936.367396011948586 ], [ 202288.735018336970825, 4575450.422872321680188 ], [ 207284.308961163740605, 4577397.030670465901494 ], [ 210108.765954200935084, 4579415.994149810634553 ], [ 212909.277783125813585, 4582074.807693507522345 ], [ 215706.278434434672818, 4586240.398995029740036 ], [ 216051.779014386644121, 4586330.287500323727727 ], [ 217072.361405988165643, 4586083.440277523361146 ], [ 217413.524286854895763, 4586173.562200889922678 ], [ 217773.802828019310255, 4587642.221788310445845 ], [ 217748.137244214303792, 4588315.617324358783662 ], [ 217499.544643039116636, 4588377.042324039153755 ], [ 218613.676397192524746, 4589207.156426650471985 ], [ 219793.395503680687398, 4589615.35880442801863 ], [ 222410.163668390654493, 4589709.833774385973811 ], [ 222455.368054829828907, 4590662.044262590818107 ], [ 225832.795639128307812, 4595653.272622920572758 ], [ 225899.755641414842103, 4596392.026814402081072 ], [ 225676.449956616561394, 4598021.030400241725147 ], [ 226249.867936564551201, 4599125.557382271625102 ], [ 228497.067559278977569, 4601321.894169488921762 ], [ 232695.359961024543736, 4607031.711418498307467 ], [ 230785.373479540634435, 4609841.066476186737418 ], [ 227410.90962545707589, 4613674.823693996295333 ], [ 223767.534385282953735, 4616250.795527834445238 ], [ 219758.743750751717016, 4617903.468357770703733 ], [ 213059.098332858411595, 4619573.849299835041165 ], [ 211916.081924727885053, 4619654.207329801283777 ], [ 210741.291827582987025, 4618520.365280410274863 ], [ 208295.119968921877444, 4617191.137933027930558 ], [ 207420.2141766200657, 4616985.369093179702759 ], [ 205115.313537883514073, 4617967.892507557757199 ], [ 204043.951882039487828, 4619791.153446539305151 ], [ 203699.288640538405161, 4621981.160100658424199 ], [ 203569.69576670252718, 4624053.078102921135724 ], [ 202715.466435227601323, 4626091.874749686568975 ], [ 202501.969424939830787, 4627066.508622352033854 ], [ 203666.963015954417642, 4628995.585802562534809 ], [ 204062.467774051066954, 4630022.533392128534615 ], [ 206464.007429616642185, 4639011.526397626847029 ], [ 207506.808327701990493, 4641063.87864219583571 ], [ 205391.765666345600039, 4641869.69265191257 ], [ 203921.232013231550809, 4642152.063529629260302 ], [ 203297.582034543040209, 4642959.867018607445061 ], [ 204174.818772724363953, 4647726.308062117546797 ], [ 203917.145715102727991, 4649576.629631811752915 ], [ 202854.903188783850055, 4650960.495099139399827 ], [ 200873.240812048723456, 4651897.499908491969109 ], [ 199667.747427033144049, 4649571.21979795396328 ], [ 196815.382496268139221, 4648815.740118759684265 ], [ 190899.685616674425546, 4648823.625815438106656 ], [ 188451.222821289265994, 4649678.143866753205657 ], [ 185633.607416404178366, 4654491.64160680025816 ], [ 183123.042642939661164, 4655054.863707250915468 ], [ 182452.367140055808704, 4651766.893171785399318 ], [ 180431.025815925037023, 4650632.808242890052497 ], [ 175257.085520699562039, 4650439.280016618780792 ], [ 172956.502968330227304, 4651019.409529753960669 ], [ 171008.043739273445681, 4652705.493086846545339 ], [ 169159.660788049979601, 4653757.745683548040688 ], [ 167153.153669233783148, 4652436.759994824416935 ], [ 164148.802949778968468, 4651281.343309433199465 ], [ 161596.476327557815239, 4652601.951421649195254 ], [ 159178.033669180702418, 4654903.672966346144676 ], [ 156590.983342540101148, 4656705.45884464122355 ], [ 155391.16397861239966, 4656568.141049480997026 ], [ 153895.37150282895891, 4655821.288700113072991 ], [ 151939.782990079780575, 4654286.108774054795504 ], [ 151683.621737835579552, 4652742.496384494006634 ], [ 152042.890902710263617, 4649120.62689580861479 ], [ 151767.90195962053258, 4647367.952061193995178 ], [ 149925.767178990528919, 4644958.776021002791822 ], [ 147117.613649740407709, 4643388.876152081415057 ], [ 141120.466175828245468, 4641652.081907784566283 ], [ 139610.410171853378415, 4641483.844027468003333 ], [ 136598.115677136811428, 4641729.075852509588003 ], [ 135333.663636588840745, 4641572.209382399916649 ], [ 134174.453899923362769, 4640869.23137793969363 ], [ 132051.274211873358581, 4638673.922002043575048 ], [ 130907.215253358474001, 4637780.697123419493437 ], [ 130646.604399849544279, 4639563.783812410198152 ], [ 129948.48088678374188, 4641536.524565193802118 ], [ 128961.151387179037556, 4643069.824343002401292 ], [ 127828.183507579436991, 4643537.612936878576875 ], [ 127025.577515612763818, 4643657.344994326122105 ], [ 125815.345401962811593, 4644615.851118344813585 ], [ 125176.405453719024081, 4644655.256239188835025 ], [ 124530.282343352446333, 4644151.212916530668736 ], [ 124202.106885648332536, 4642744.07926604244858 ], [ 123726.342189446324483, 4641966.337558566592634 ], [ 122421.019186200224794, 4641131.845015717670321 ], [ 120693.23924980359152, 4640616.464634141884744 ], [ 118910.458787747251336, 4640446.888688795268536 ], [ 117450.111168872856069, 4640671.972710897214711 ], [ 116151.409720520663541, 4641498.801458268426359 ], [ 116156.239408694265876, 4642546.164501453749835 ], [ 117627.309361195773818, 4645969.531911870464683 ], [ 113172.151871401525568, 4646403.427117204293609 ], [ 111757.000151109881699, 4647197.292780694551766 ], [ 109548.994582928484306, 4648979.143539849668741 ], [ 108268.021294765232597, 4649383.593148102983832 ], [ 105868.280322414415423, 4648304.471508761867881 ], [ 100651.537570502667222, 4647343.512417994439602 ], [ 98411.570633880561218, 4647607.9410350471735 ], [ 97524.378509334288538, 4647367.35358458943665 ], [ 96771.066001852042973, 4646074.162557793781161 ], [ 96158.97090667829616, 4645452.469360501505435 ], [ 93520.371940979850478, 4645608.577764744870365 ], [ 93141.987167986226268, 4648849.252068649046123 ], [ 93086.757408054021653, 4651864.167871695011854 ], [ 91416.990521531901322, 4651326.643940195441246 ], [ 90443.077330928586889, 4648238.430485677905381 ], [ 89579.024406923854258, 4646839.922453192993999 ], [ 88032.325878541625571, 4646891.968084099702537 ], [ 86710.857818104501348, 4647190.414706301875412 ], [ 85499.062408444297034, 4646710.968603355810046 ], [ 84419.109007561870385, 4645691.249477125704288 ], [ 83525.286127618222963, 4644398.69614917319268 ], [ 80628.60383604420349, 4641726.417200727388263 ], [ 76833.447502006718423, 4640873.826643362641335 ], [ 69705.405992812069599, 4641744.54500827845186 ], [ 70226.939566839078907, 4644599.268887155689299 ], [ 70178.566031025082339, 4646079.878485877066851 ], [ 69604.975119978771545, 4646993.134395716711879 ], [ 66702.063038248801604, 4648336.174230638891459 ], [ 65883.666685506002977, 4650376.72494831494987 ], [ 66134.548116089659743, 4652438.412930360995233 ], [ 67045.821346279932186, 4654393.496810724027455 ], [ 70533.50127131055342, 4658942.988687405362725 ], [ 73095.081233927223366, 4661173.107623266987503 ], [ 75595.636194125574548, 4662592.47181835770607 ], [ 76978.622314042062499, 4663624.282876729033887 ], [ 77946.052030704973731, 4664969.132905345410109 ], [ 78250.018157389946282, 4666895.126050622202456 ], [ 77677.135455860290676, 4668588.379134560935199 ], [ 76488.916928826190997, 4669892.339873703196645 ], [ 74942.612336709513329, 4670659.327784120105207 ], [ 73213.17884376377333, 4670593.783786804415286 ], [ 71700.705518357106484, 4670002.735848590731621 ], [ 70426.017247201874852, 4669725.894508879631758 ], [ 69424.400406063243281, 4670619.459234069101512 ], [ 69256.485520406393334, 4672438.8115059947595 ], [ 69800.605547802930232, 4677202.015743519179523 ], [ 69154.203433089773171, 4678938.328647708520293 ], [ 68478.528820053033996, 4680051.402960358187556 ], [ 65891.299908175948076, 4678421.495269001461565 ], [ 64336.270765516092069, 4677895.267654699273407 ], [ 62280.724853104387876, 4677809.573840601369739 ], [ 61516.307012743782252, 4677381.743615281768143 ], [ 59271.709725487977266, 4675582.750876381061971 ], [ 57835.5497353579849, 4674920.695527238771319 ], [ 44924.662584693578538, 4673667.58972237072885 ], [ 43329.476156966178678, 4673171.236836378462613 ], [ 40353.566323568054941, 4671395.93136415630579 ], [ 38791.739969019545242, 4670866.595413948409259 ], [ 35755.188949648407288, 4670982.119802709668875 ], [ 34289.827092684281524, 4670784.639538866467774 ], [ 32812.127087536035106, 4669818.552950328215957 ], [ 32019.242614720540587, 4668749.641000323928893 ], [ 30978.70622438279679, 4666414.334065959788859 ], [ 30274.979419409879483, 4665336.731668775901198 ], [ 28503.73827187565621, 4664315.849189344793558 ], [ 26327.541668398596812, 4663809.687408247031271 ], [ 24391.20450171380071, 4662973.735536973923445 ], [ 23415.898461799195502, 4662354.954851409420371 ], [ 22368.714961722958833, 4660595.64083640743047 ], [ 20997.670173834892921, 4658967.281390790827572 ], [ 19392.463886988174636, 4657795.445494967512786 ], [ 17650.558009856787976, 4657414.266412387602031 ], [ 16198.033604833355639, 4656704.919350775890052 ], [ 14764.431715670740232, 4655186.160513295792043 ], [ 13366.76769809552934, 4654101.121196388266981 ], [ 12022.27402474853443, 4654683.957834471017122 ], [ 12337.356843430781737, 4656206.44447842054069 ], [ 12184.352853330259677, 4677940.408627513796091 ], [ 12573.528325005550869, 4679848.323036697693169 ], [ 13528.876457327627577, 4680558.881719215773046 ], [ 16810.689939537493046, 4680396.342618227936327 ], [ 18364.698040524555836, 4680725.77809742745012 ], [ 19050.284100854478311, 4681705.220114163123071 ], [ 18726.780807532952167, 4682608.374817460775375 ], [ 17204.68081797240302, 4683475.697131023742259 ], [ 16903.662773592048325, 4684209.404212035238743 ], [ 17340.347107912297361, 4684565.432063278742135 ], [ 19570.17885596700944, 4685552.510578668676317 ], [ 20588.51046424737433, 4688048.752417161129415 ], [ 21892.107854247151408, 4688745.461083966307342 ], [ 23568.21590723778354, 4690606.81187002081424 ], [ 28120.760214774520136, 4693659.094072088599205 ], [ 29624.306990453973413, 4694248.150475267320871 ], [ 32429.525422073667869, 4696557.48778185620904 ], [ 33946.434477432863787, 4697060.165711335837841 ], [ 35695.226850843057036, 4698115.242987392470241 ], [ 36276.598712035105564, 4698648.71507968660444 ], [ 36625.95658459502738, 4699547.162743993103504 ], [ 36851.247497377276886, 4702946.244037229567766 ], [ 36813.221000484423712, 4703693.314177787862718 ], [ 36511.04895024333382, 4703808.700318887829781 ], [ 35812.635590597637929, 4703637.164765970781446 ], [ 34485.495854723383673, 4702522.356463269330561 ], [ 33450.701377442746889, 4700493.795593404211104 ], [ 32161.234466394816991, 4698595.844566632993519 ], [ 30059.088756528799422, 4697860.42964340467006 ], [ 28360.981926382868551, 4697575.104766329750419 ], [ 23760.028743288887199, 4695811.436941688880324 ], [ 22779.405555816425476, 4694883.687265808694065 ], [ 21875.722232459753286, 4694740.960756949149072 ], [ 17561.60343901917804, 4695341.065258730202913 ], [ 15941.771356314595323, 4694944.151848521083593 ], [ 17369.219684629992116, 4698715.186014828272164 ], [ 17488.054060821013991, 4700242.094753911718726 ], [ 18004.779668883886188, 4700206.45881674438715 ], [ 19039.064853583637159, 4698382.195708367042243 ], [ 19573.385301610804163, 4699190.209184686653316 ], [ 19877.294510456908029, 4702779.851366887800395 ], [ 19627.888029160560109, 4704200.342275893315673 ], [ 19932.190332721336745, 4704460.994988596998155 ], [ 21136.28344106907025, 4704628.103442829102278 ], [ 24049.941277273464948, 4703734.108012557961047 ], [ 24478.447442253236659, 4703991.012041644193232 ], [ 25180.100883168342989, 4705391.871727393008769 ], [ 28539.364235659304541, 4708851.302845253609121 ], [ 30030.493678985105362, 4710049.274985929951072 ], [ 32863.808511084294878, 4711652.284025641158223 ], [ 34123.800806731567718, 4712734.772239192388952 ], [ 34827.08648938999977, 4714299.553015533834696 ], [ 34052.04078622860834, 4713974.542034749872983 ], [ 33385.751720102212857, 4714069.113755041733384 ], [ 32583.975315283110831, 4714449.816394156776369 ], [ 31586.906736623495817, 4714326.138101723045111 ], [ 29497.11913130839821, 4713163.877501429058611 ], [ 27343.400640563224442, 4711665.903622551821172 ], [ 26145.685413428698666, 4711075.185706066899002 ], [ 24324.180519547953736, 4710717.918116583488882 ], [ 21701.082051206496544, 4710652.209602861665189 ], [ 19044.011116591049358, 4711171.153839517384768 ], [ 17158.772428825497627, 4712527.848534194752574 ], [ 16569.104117162991315, 4713826.88538489677012 ], [ 16344.396932010480668, 4715968.174293738789856 ], [ 15787.082101128296927, 4717192.432959421537817 ], [ 14764.280839219747577, 4717863.288524959236383 ], [ 11960.294766561302822, 4718550.10411489661783 ], [ 11401.761625825543888, 4719025.421899466775358 ], [ 12100.379228265606798, 4720066.566413442604244 ], [ 13672.533175262855366, 4720910.274029079824686 ], [ 15427.325279818032868, 4721487.166421625763178 ], [ 16659.051092952198815, 4721701.130031088367105 ], [ 17641.429847749008331, 4721278.559396750293672 ], [ 18249.256464434962254, 4720300.73675662279129 ], [ 18149.787429531628732, 4719253.901267729699612 ], [ 17017.261266476474702, 4718633.027083721011877 ], [ 18825.630879867356271, 4717553.84505488909781 ], [ 20009.808500801154878, 4717267.637901432812214 ], [ 20892.424071535526309, 4717533.781854908913374 ], [ 21304.061166079540271, 4718677.173370034433901 ], [ 21173.205468190659303, 4719998.72126261331141 ], [ 21266.098351173335686, 4721200.40179527644068 ], [ 22329.323148211813532, 4721999.189811895601451 ], [ 21581.427959513501264, 4725920.177301690913737 ], [ 21603.04906026693061, 4727839.82963905017823 ], [ 22007.915306871058419, 4729474.161033840849996 ], [ 22850.898862762725912, 4730746.753358927555382 ], [ 23916.354916078329552, 4731549.947277400642633 ], [ 25020.537371079321019, 4731796.55388608481735 ], [ 26174.583414184919093, 4733116.208119467832148 ], [ 29653.843623141699936, 4739726.782378592528403 ], [ 30463.148047903378028, 4742164.741694654338062 ], [ 29952.94954047963256, 4742199.47750760987401 ], [ 29268.259047074185219, 4740461.474690675735474 ], [ 28343.152615665923804, 4738789.861755172722042 ], [ 27153.072659785393625, 4737563.320459980517626 ], [ 25669.763709352060687, 4737151.79049427062273 ], [ 24165.704298395547085, 4737854.670317445881665 ], [ 23264.348641995689832, 4739320.187113758176565 ], [ 22543.642132853390649, 4741114.023386588320136 ], [ 21520.216944427287672, 4742111.438838473521173 ], [ 20121.762432121846359, 4739878.47112992964685 ], [ 19828.78598527435679, 4738508.966858642175794 ], [ 20583.786730055173393, 4737502.722318674437702 ], [ 18619.923349718912505, 4735063.846241170540452 ], [ 17610.956686724501196, 4734498.23442989308387 ], [ 16500.14910864905687, 4735502.418570659123361 ], [ 17022.287081729446072, 4736637.843750735744834 ], [ 15837.526150963502005, 4736148.375045768916607 ], [ 12984.70656956138555, 4734222.761396979913116 ], [ 14047.388678798626643, 4732726.2210584403947 ], [ 13028.437955339963082, 4732030.128700394183397 ], [ 10022.225660760479514, 4731388.167026826180518 ], [ 8906.855944892857224, 4728346.128712073899806 ], [ 8200.090134744124953, 4728137.284230495803058 ], [ 6217.96029715629993, 4726247.363505637273192 ], [ 5099.405907822481822, 4727712.804840652272105 ], [ 5064.506973911309615, 4729764.360914833843708 ], [ 4802.387337388237938, 4731641.355182244442403 ], [ 3016.383444252598565, 4732582.620467551983893 ], [ 1866.348255563469138, 4733864.834392250515521 ], [ 2480.327626647253055, 4736519.643366747535765 ], [ 3859.950879265088588, 4739282.997687391936779 ], [ 5014.978882993513253, 4740890.339889579452574 ], [ 5056.895143177534919, 4742223.143498786725104 ], [ 6096.604952426743694, 4746019.71949625108391 ], [ 8260.650043916306458, 4748781.821754612028599 ], [ 9248.808553633280098, 4749065.712512063793838 ], [ 11930.353564893652219, 4750469.73248450551182 ], [ 14246.882398520945571, 4753263.22264966648072 ], [ 15566.494855815253686, 4754323.983139593154192 ], [ 17560.134940031974111, 4754651.668170531280339 ], [ 18180.900836107437499, 4755393.970878487452865 ], [ 18828.730267232051119, 4757097.403701259754598 ], [ 18727.912486914196052, 4758903.268934715539217 ], [ 17096.357085028197616, 4759949.085354019887745 ], [ 16578.201592995552346, 4757432.595998323522508 ], [ 15199.957393647287972, 4755957.951077713631094 ], [ 13264.391483764455188, 4755267.97411332745105 ], [ 11088.369900712161325, 4755108.949671119451523 ], [ 6974.721677038352937, 4756025.271274176426232 ], [ 5251.954203245113604, 4755799.226223166100681 ], [ 5387.945664260420017, 4753921.966392989270389 ], [ 3356.352640630793758, 4752023.646124479360878 ], [ 2284.530549569637515, 4751555.817107372917235 ], [ 753.838618343288545, 4751966.612929917871952 ], [ -256.391961076413281, 4752994.28407921269536 ], [ -697.938677814148832, 4754471.508447227999568 ], [ -1007.977257037069649, 4756280.038532036356628 ], [ -1642.692463325103745, 4758312.284738176502287 ], [ -625.620452410774305, 4758219.885521755553782 ], [ 170.10893467348069, 4758579.99928255751729 ], [ 798.70928155555157, 4759311.33744462672621 ], [ 1364.986645045282785, 4760383.51288553327322 ], [ 793.013980093295686, 4761715.67437353823334 ], [ -281.880560649384279, 4762566.53467449080199 ], [ -1788.788654399802908, 4763312.872528839856386 ], [ -2177.387248140235897, 4766358.969933339394629 ], [ -1979.372701236221474, 4766780.742369193583727 ], [ -1172.273305589391384, 4767580.559791972860694 ], [ -736.836128747090697, 4769239.274621385149658 ], [ -751.682884653040674, 4769949.3139738002792 ], [ -1285.021481353265699, 4770420.109451814554632 ], [ -2677.01530988572631, 4770658.59682235494256 ], [ -3400.190147779649124, 4771179.898973366245627 ], [ -4521.347313405247405, 4773321.397430853918195 ], [ -5500.784796047664713, 4773848.278123679570854 ], [ -5551.606930056004785, 4773161.178263428620994 ], [ -5161.55274819600163, 4771932.441353759728372 ], [ -5681.017000038467813, 4771320.886218226514757 ], [ -6463.44323206593981, 4771174.248708215542138 ], [ -6854.045883389946539, 4771312.269041430205107 ], [ -7093.217910996580031, 4772816.300425889901817 ], [ -7890.54150090314215, 4773007.307041202671826 ], [ -8861.230015314882621, 4772484.041879682801664 ], [ -9619.240901733515784, 4771858.671285974793136 ], [ -10297.958044046768919, 4770954.71100165322423 ], [ -11281.733180398936383, 4768787.155006298795342 ], [ -11903.772378850146197, 4767842.679451714269817 ], [ -12265.782569457252976, 4768097.041277478449047 ], [ -12879.642928748042323, 4770743.217953009530902 ], [ -13567.003638192662038, 4771467.584525196813047 ], [ -13515.745450978400186, 4772150.172857728786767 ], [ -12897.907737845322117, 4773172.086357999593019 ], [ -10864.9918090243591, 4777711.033657702617347 ], [ -10508.326276908570435, 4779266.260958783328533 ], [ -9437.27891495230142, 4781677.212354911491275 ], [ -9900.966671897331253, 4782434.64695908781141 ], [ -11041.450975298474077, 4783415.598590663634241 ], [ -11447.064934727968648, 4786096.303204234689474 ], [ -10715.083376085269265, 4786655.043892957270145 ], [ -9637.752609829825815, 4786619.753298551775515 ], [ -9007.187368587416131, 4787563.531404885463417 ], [ -8418.339676006638911, 4789555.962281085550785 ], [ -6391.38977215642808, 4791050.18244053889066 ], [ -5910.231475692009553, 4792323.437949576415122 ], [ -4795.58759166818345, 4791190.563278529793024 ], [ -3748.195832311350387, 4790808.324861768633127 ], [ -2664.817195935116615, 4791091.730257552117109 ], [ -1406.354452148254495, 4791989.577133176848292 ], [ -308.862477266578935, 4793599.368864012882113 ], [ 472.682228775694966, 4794132.661894188262522 ], [ 1765.855795380484778, 4794564.832364602014422 ], [ 3248.185819543432444, 4794628.902210289612412 ], [ 3308.057580475753639, 4795447.080457258038223 ], [ 1882.424824735964648, 4794883.494720346294343 ], [ 27.255216486519203, 4794592.662011846899986 ], [ -1284.890690570522565, 4794807.59086019732058 ], [ -1127.065698329242878, 4795773.111301289871335 ], [ -3823.900885438022669, 4794636.476516743190587 ], [ -4964.849565750162583, 4794871.240112996660173 ], [ -5571.825797589030117, 4796866.419747050851583 ], [ -1431.890224270522594, 4800290.692552206106484 ], [ 1285.596399189264048, 4801517.247847040183842 ], [ 4236.994408038503025, 4799959.985821697860956 ], [ 5641.368166701169685, 4799884.669606180861592 ], [ 7124.001256415387616, 4800062.972638743929565 ], [ 8194.994045179453678, 4800435.032929643988609 ], [ 9286.018994999933057, 4801269.279231040738523 ], [ 10372.719691957696341, 4801817.706861737184227 ], [ 11312.569163297303021, 4803281.095458632335067 ], [ 11855.025917913822923, 4804904.983200809918344 ], [ 12463.11184826749377, 4804861.142374143004417 ], [ 13855.477805185306352, 4803434.241091491654515 ], [ 16035.312626059516333, 4803346.202010656706989 ], [ 18245.601901814341545, 4804060.829067964106798 ], [ 19723.592999115062412, 4805041.559652201831341 ], [ 18001.180113435781095, 4805059.555186563171446 ], [ 17092.645768537535332, 4805778.571329409256577 ], [ 16054.354461070615798, 4808347.099647951312363 ], [ 15695.042968396970537, 4808336.488660081289709 ], [ 14737.139521003817208, 4808959.507621781900525 ], [ 14118.749549413681962, 4809685.485570306889713 ], [ 14729.951934760494623, 4809968.694969574920833 ], [ 15540.556447212642524, 4809978.668336992152035 ], [ 18920.64464077615412, 4811209.104680157266557 ], [ 22532.353921718953643, 4813296.863489308394492 ], [ 25128.210398261842784, 4813799.622895308770239 ], [ 26472.819920201261993, 4815049.685827741399407 ], [ 27397.859900726005435, 4815239.173001962713897 ], [ 28408.569395850820001, 4814568.838698762468994 ], [ 30778.341828697128221, 4811791.914831299334764 ], [ 32116.690839571354445, 4811099.500480813905597 ], [ 33565.784945457009599, 4810758.534437348134816 ], [ 36637.11981554958038, 4809502.573697306215763 ], [ 38132.877535393054131, 4809159.458484636619687 ], [ 40440.082208663108759, 4809869.462106062099338 ], [ 43419.234819860896096, 4811306.638352665118873 ], [ 46524.515897563076578, 4812028.145912541076541 ], [ 49208.431964907620568, 4810622.50410661753267 ], [ 53597.41272205329733, 4812373.840733331628144 ], [ 54326.401844845851883, 4813024.780298047699034 ], [ 54658.395243143779226, 4813987.980359693989158 ], [ 55377.767560629115906, 4814798.52074065618217 ], [ 56235.021211340441369, 4815341.279553845524788 ], [ 57904.115054391906597, 4815640.17778633441776 ], [ 58514.321596299123485, 4816562.542551668360829 ], [ 59019.988618414849043, 4816901.664364480413496 ], [ 63530.798990739567671, 4817788.121642442420125 ], [ 63729.383663010550663, 4816304.641594376415014 ], [ 64384.98189612897113, 4815177.447450745850801 ], [ 66076.342216367949732, 4813466.221255571581423 ], [ 67192.746125076431781, 4814656.225404441356659 ], [ 67544.619022084749304, 4815650.288339289836586 ], [ 67499.17019889515359, 4818294.666529000736773 ], [ 68336.256647272850387, 4819684.223132585175335 ], [ 69946.318115128960926, 4819299.800929645076394 ], [ 72203.779743476363365, 4817644.775134508498013 ], [ 73341.623683021520264, 4817164.186346790753305 ], [ 73796.575302889046725, 4816141.563814944587648 ], [ 74020.21745572128566, 4814861.32557958457619 ], [ 74472.263962665747385, 4813630.227907740511 ], [ 76222.107377698877826, 4811650.503656945191324 ], [ 76985.230610301659908, 4810509.050891275517642 ], [ 77454.462157123314682, 4808796.213790669105947 ], [ 78192.803430653992109, 4810537.860812492668629 ], [ 78260.262673653312959, 4812253.38172242231667 ], [ 77886.167402862862218, 4815693.606779657304287 ], [ 78039.32781012885971, 4817399.24662943277508 ], [ 78491.083770647877827, 4818378.31757705938071 ], [ 80988.69870374025777, 4820073.726999531500041 ], [ 79445.30706476123305, 4820941.371541905216873 ], [ 77981.289183749759104, 4821223.613487818278372 ], [ 75227.233059439633507, 4821188.169615637511015 ], [ 73830.491924898175057, 4821748.449206995777786 ], [ 72023.938144412531983, 4823973.423251211643219 ], [ 70727.817345084331464, 4824596.126929828897119 ], [ 72316.387300732138101, 4825711.120118349790573 ], [ 80544.188506897247862, 4826254.274447860196233 ], [ 81109.616845601820387, 4826418.643343503586948 ], [ 81734.496418209222611, 4826901.512448890134692 ], [ 82142.120646922499873, 4827611.201887592673302 ], [ 82065.258891340577975, 4828446.3360132900998 ], [ 81675.444715234043542, 4828552.290338195860386 ], [ 79757.016834104608279, 4827828.113770722411573 ], [ 74787.753529339330271, 4827310.505503469146788 ], [ 75343.827291044755839, 4827847.112266800366342 ], [ 75939.354126678837929, 4828068.140814338810742 ], [ 74888.215507567801978, 4828897.009109864011407 ], [ 73835.238255338801537, 4827507.026260005310178 ], [ 72193.274067631398793, 4826944.296290514990687 ], [ 68611.240304064122029, 4827010.014618827030063 ], [ 69348.704105936107226, 4828664.654407258145511 ], [ 69795.307670664566103, 4830991.529291713610291 ], [ 70310.124766001245007, 4832633.252484835684299 ], [ 71212.490024917933624, 4832180.638362554833293 ], [ 72364.640874716686085, 4833622.878349512815475 ], [ 71751.067975262179971, 4834252.048944166861475 ], [ 71157.576644478540402, 4835193.162413796409965 ], [ 70824.431848259177059, 4836330.976207869127393 ], [ 70947.211946903087664, 4837525.822555946186185 ], [ 72653.243064342183061, 4837162.551583138294518 ], [ 73208.404340054024942, 4837381.286654692143202 ], [ 75102.853537776740268, 4836970.341437692753971 ], [ 77500.324939404265024, 4838043.878325480036438 ], [ 89810.376432263641618, 4846306.690036804415286 ], [ 90030.518620953022037, 4845063.649562325328588 ], [ 90667.05217467067996, 4844375.825745986774564 ], [ 91554.663095828436781, 4844235.288975046947598 ], [ 92523.52409207232995, 4844616.177430674433708 ], [ 91420.635804951249156, 4844683.558071425184608 ], [ 91463.22199658624595, 4845379.624583416618407 ], [ 92616.193531173048541, 4846134.866785754449666 ], [ 91138.22760669013951, 4847495.553568883799016 ], [ 90984.445626737782732, 4848693.648276032879949 ], [ 91815.436758339987136, 4851133.479630981571972 ], [ 92375.220268986537121, 4852051.95532751083374 ], [ 93586.880243809893727, 4852277.36534505430609 ], [ 96285.975816749443766, 4852072.442781558260322 ], [ 98726.752416790579446, 4852605.445881029590964 ], [ 101083.631597612751648, 4853833.799515211954713 ], [ 103193.161815512692556, 4855562.963024665601552 ], [ 104898.367069868196268, 4857643.246013127267361 ], [ 107108.748974328336772, 4857167.595303159207106 ], [ 107964.450821643287782, 4855511.516806090250611 ], [ 108458.533092925266828, 4853514.021244989708066 ], [ 109578.565011706203222, 4851974.260611723177135 ], [ 109538.043302683334332, 4851282.721990403719246 ], [ 107880.439527161535807, 4852073.987822471186519 ], [ 106825.205410103721078, 4850190.405765276402235 ], [ 106726.592968985263724, 4849243.748326341621578 ], [ 107162.999967866577208, 4848383.484963129274547 ], [ 106291.448094758554362, 4847781.744611580856144 ], [ 105460.638769779470749, 4848483.963776922784746 ], [ 104695.029557561851107, 4847839.861915408633649 ], [ 104309.202474119199906, 4847717.590292170643806 ], [ 104264.169443357910495, 4846958.252175038680434 ], [ 108296.74318689701613, 4846502.636670640669763 ], [ 109083.152252365078311, 4847281.964086220599711 ], [ 107746.390261135180481, 4849795.97594871558249 ], [ 108716.728201911319047, 4850405.666536732576787 ], [ 109699.540336021920666, 4850388.866544340737164 ], [ 111648.826223351468798, 4849567.528145425952971 ], [ 111187.165053741424344, 4851186.299808273091912 ], [ 112391.638420486357063, 4852381.440828842110932 ], [ 113924.608380540797953, 4853521.415123065002263 ], [ 115594.614080899162218, 4854368.064644218422472 ], [ 118843.730278177186847, 4855015.625903951004148 ], [ 120624.568359924363904, 4856097.391960724256933 ], [ 122086.780781028908677, 4857596.691214337944984 ], [ 122735.431970998761244, 4859242.119356821291149 ], [ 123022.437007542001083, 4859611.257367710582912 ], [ 123583.258037094492465, 4859248.463768661022186 ], [ 124101.906897720356937, 4858371.201381407678127 ], [ 124276.094336418027524, 4857209.65427550394088 ], [ 123895.398671153117903, 4856578.235605923458934 ], [ 121910.506169246626087, 4854378.200455648824573 ], [ 121777.036483204574324, 4852780.60229650977999 ], [ 122120.466303488763515, 4852285.000217551365495 ], [ 123468.969893549394328, 4852698.340212106704712 ], [ 123761.90084358851891, 4854042.060141617432237 ], [ 124941.961865657940507, 4854274.731429471634328 ], [ 126349.903149034129456, 4854880.199778093956411 ], [ 126540.435004261496942, 4853355.138984766788781 ], [ 128304.248749919468537, 4849379.99990857578814 ], [ 127970.601223343168385, 4847644.006999764591455 ], [ 128694.88803497760091, 4847889.282008544541895 ], [ 129785.840959498775192, 4849229.560279181227088 ], [ 130532.855427261500154, 4850779.442348959855735 ], [ 131488.76020225341199, 4850345.692161117680371 ], [ 133060.316700840019621, 4851714.235057035461068 ], [ 134241.892874137498438, 4852098.067559497430921 ], [ 137394.505413765145931, 4851558.525685243308544 ], [ 138333.407252766890451, 4851172.042528039775789 ], [ 144778.950324010453187, 4847027.019921035505831 ], [ 147983.395272057736292, 4845615.322710591368377 ], [ 152587.663638588797767, 4836296.689709153957665 ], [ 156314.28451959672384, 4834214.651755248196423 ], [ 155579.598697210662067, 4833124.022469419054687 ], [ 155083.536918734083883, 4832832.326692244037986 ], [ 155040.733715070527978, 4832000.711030076257885 ], [ 156093.266927968594246, 4831448.154483314603567 ], [ 156762.874774867203087, 4831717.446518454700708 ], [ 157408.231994032044895, 4832287.114577584899962 ], [ 158392.832944609108381, 4832662.805856768041849 ], [ 159576.12552783585852, 4832607.120295059867203 ], [ 161206.681900863128249, 4831949.026230288669467 ], [ 164246.210005361528601, 4831324.858417023904622 ], [ 169192.317576503730379, 4831269.249279579147696 ], [ 170568.471388995239977, 4832053.217611867934465 ], [ 171963.015186213306151, 4831201.052744493819773 ], [ 173347.94414380210219, 4830888.789396319538355 ], [ 174279.781799135322217, 4830132.204193603247404 ], [ 174291.485373330593575, 4827929.944689761847258 ], [ 173676.457973357581068, 4826736.656427142210305 ], [ 172750.922223787289113, 4825467.923152873292565 ], [ 172254.468109573062975, 4823942.762573662213981 ], [ 172891.198971779434942, 4821981.842608722858131 ], [ 173398.033491507580038, 4821957.201959376223385 ], [ 173939.922290401300415, 4823742.97445553354919 ], [ 174286.423013872525189, 4825583.544253227300942 ], [ 174827.065549001505133, 4827079.478573975153267 ], [ 175948.727601659658831, 4827849.711979845538735 ], [ 176800.869337409676518, 4830417.930041152983904 ], [ 181487.843780815950595, 4831230.96809795871377 ], [ 189418.308064362907317, 4831153.250610502436757 ], [ 190629.413594606041443, 4830707.7381701907143 ], [ 195484.640553937293589, 4830874.928675065748394 ], [ 198766.005548697488848, 4829739.434576180763543 ], [ 200848.728502882702742, 4829401.662219123914838 ], [ 205400.624287365237251, 4831591.062573738396168 ], [ 209495.783697828068398, 4830986.670047043822706 ], [ 213559.232070158061106, 4829322.177980957552791 ], [ 216439.813538257789332, 4827601.547151479870081 ], [ 217310.930419303302187, 4828189.579474973492324 ], [ 218240.780282603751402, 4828376.831686602905393 ], [ 220284.466281677247025, 4828273.193828848190606 ], [ 219882.933306043967605, 4830562.665151282213628 ], [ 220987.405248551396653, 4830290.240267031826079 ], [ 222841.066349639091641, 4829108.724378413520753 ], [ 223974.324170846084598, 4828808.469159028492868 ], [ 228168.789265442173928, 4829470.099457359872758 ], [ 232329.017585323599633, 4829302.742785411886871 ], [ 233514.247601464972831, 4829477.337448263540864 ], [ 235663.243982591084205, 4830392.615543494932353 ], [ 237614.406779366196133, 4830809.327461273409426 ], [ 238756.087245720758801, 4831905.349087103269994 ], [ 239863.305737448827131, 4832038.790987329557538 ], [ 242354.583568989444757, 4830014.420294782146811 ], [ 243385.89720433956245, 4829621.836450019851327 ], [ 249629.402718126802938, 4828697.887473031878471 ], [ 250903.619971901352983, 4829338.328745136968791 ], [ 252155.091767320671352, 4828658.379781290888786 ], [ 253384.291184422996594, 4829156.121760099194944 ], [ 254628.183274211449316, 4830060.823248143307865 ], [ 255917.861206629808294, 4830606.560404506511986 ], [ 265293.195040514809079, 4830271.70162146911025 ], [ 265748.900856319349259, 4831264.801569181494415 ], [ 265239.069635665044188, 4832106.1732565658167 ], [ 264928.457095786929131, 4832999.422714217565954 ], [ 265973.532952092587948, 4834116.661601942963898 ], [ 265481.439043613849208, 4835645.198654894717038 ], [ 268080.887815378024243, 4835550.075565909035504 ], [ 269037.418518561054952, 4836032.811949072405696 ], [ 269445.182125569845084, 4837376.164594393223524 ], [ 270032.05484425497707, 4838392.115458461456001 ], [ 271308.822370942856651, 4838266.87613146007061 ], [ 273886.283868142170832, 4836876.150111141614616 ], [ 275568.777676498284563, 4835321.900789607316256 ], [ 279826.576623883098364, 4829900.728393642231822 ], [ 281248.72012108186027, 4827528.784143256954849 ], [ 281804.05812243669061, 4827510.69771284237504 ], [ 282275.878935140790418, 4829074.258013720624149 ], [ 282871.569986294314731, 4828579.918900329619646 ], [ 283755.442825172911398, 4826615.100149992853403 ], [ 287923.926571670046542, 4825794.445878943428397 ], [ 304210.063710628950503, 4825987.123413710854948 ], [ 306642.835389537503943, 4825260.758920576423407 ], [ 306851.454352297005244, 4823707.904954791069031 ], [ 305764.814962886215653, 4821970.761644362471998 ], [ 304331.617789202718996, 4820673.529062667861581 ], [ 304865.42229206598131, 4819898.149423611350358 ], [ 305708.969706945063081, 4820380.29221366904676 ], [ 308263.887295980763156, 4821320.059511405415833 ], [ 308876.40442598296795, 4822026.267247311770916 ], [ 309130.928199356771074, 4822760.777534492313862 ], [ 309584.617465477553196, 4823326.823637654073536 ], [ 310790.961930900753941, 4823518.870075187645853 ], [ 314181.108400341006927, 4823094.062620234675705 ], [ 315450.506609007017687, 4822593.238079735077918 ], [ 321172.907678357209079, 4818535.682431116700172 ], [ 323897.024852675735019, 4817464.396908383816481 ], [ 330860.464303587330505, 4816942.080825932323933 ], [ 332785.052684612455778, 4816351.355074201710522 ], [ 333612.146344326087274, 4814910.992636724375188 ], [ 334598.647246273932979, 4815519.744418946094811 ], [ 340208.457894848543219, 4813656.999257311224937 ], [ 340865.807697084266692, 4813876.561525328084826 ], [ 342068.221780294377822, 4814870.135313427075744 ], [ 343003.977679528528824, 4815033.636065911501646 ], [ 343870.382862597529311, 4814764.807329804636538 ], [ 345677.785077676991932, 4813737.468455054797232 ], [ 351401.945637395838276, 4812401.585545686073601 ], [ 357934.092059349059127, 4809136.672901270911098 ], [ 359547.448051075276453, 4808596.538128979504108 ], [ 377876.236289967782795, 4806612.510152267292142 ], [ 379984.049426004406996, 4804481.765148339793086 ], [ 381704.237170502310619, 4806128.471351665444672 ], [ 384001.798841939307749, 4806522.555004430003464 ], [ 386228.530532401695382, 4805860.866131602786481 ], [ 387769.050443972984795, 4804347.938321297056973 ], [ 388279.919870604935568, 4804339.470118567347527 ], [ 389153.190206610015593, 4805721.816104402765632 ], [ 389920.728840001567733, 4806097.993229256942868 ], [ 393683.443234148318879, 4805603.766504812985659 ], [ 403759.082245920377318, 4806519.334288956597447 ], [ 406020.627987588522956, 4808241.162096219137311 ], [ 411160.444659920351114, 4809776.032032005488873 ], [ 413087.395751329197083, 4810044.702565433457494 ], [ 416709.635629986529239, 4809998.986767093650997 ], [ 417180.897145364084281, 4810291.478221033699811 ], [ 417397.89791155589046, 4811337.372400745749474 ], [ 418059.211945178976748, 4811564.321071482263505 ], [ 418629.75817334477324, 4811367.584384061396122 ], [ 420575.550342380418442, 4809952.342611730098724 ], [ 420983.379677979392, 4810467.30219973064959 ], [ 422237.363339372677729, 4810692.258310351520777 ], [ 421147.266857096808963, 4811527.48389932140708 ], [ 421155.409446811070666, 4812223.404433900490403 ], [ 423973.176851751864888, 4814229.338397691957653 ], [ 425381.831473877944518, 4814823.719039676710963 ], [ 426703.783313056686893, 4814429.558484304696321 ], [ 427724.115562232211232, 4815051.259076212532818 ], [ 428359.013223850750364, 4814411.744234601967037 ], [ 430723.651901345758233, 4815851.305365771055222 ], [ 433160.076555130304769, 4816341.88343361672014 ], [ 435557.046321662899572, 4815843.965657684952021 ], [ 437796.776333553018048, 4814317.946351379156113 ], [ 434263.483302189037204, 4812760.685241650789976 ], [ 432772.484771472983994, 4811790.167794649489224 ], [ 431680.443655063747428, 4810589.946886985562742 ], [ 432516.411770718812477, 4809560.143602279946208 ], [ 433320.875871462689247, 4808982.699771095067263 ], [ 432696.540905768051744, 4808799.086472036316991 ], [ 432711.343433110683691, 4808301.80683745443821 ], [ 434339.386302808881737, 4808385.19106453191489 ], [ 435533.999530776403844, 4808961.184494803659618 ], [ 437515.902334704180248, 4811355.854653370566666 ], [ 438224.730578873248305, 4811100.757551751099527 ], [ 438972.137839417264331, 4810009.314165289513767 ], [ 439710.797670811647549, 4809754.107798577286303 ], [ 440060.572488372097723, 4810202.919050089083612 ], [ 439881.835246539558284, 4811207.795389170758426 ], [ 439417.099991115159355, 4812251.399032305926085 ], [ 438885.388126440055203, 4812789.481501518748701 ], [ 438891.660644503892399, 4813480.882301927544177 ], [ 440022.314715918619186, 4813303.504390794783831 ], [ 441041.288303035369609, 4812770.268888997845352 ], [ 441184.382421055459417, 4813324.892230433411896 ], [ 441649.613038262003101, 4813456.424917271360755 ], [ 441054.578179896285292, 4814288.639974148012698 ], [ 441943.168593411974143, 4814674.099458933807909 ], [ 444333.464936279458925, 4814821.12564364168793 ], [ 445259.489685578213539, 4815391.999188452959061 ], [ 446068.695726735226344, 4816185.376989275217056 ], [ 446960.456726285628974, 4816625.696231873705983 ], [ 453171.538158336596098, 4818531.899105863645673 ], [ 455196.310770508600399, 4818368.970704206265509 ], [ 455028.966950991365593, 4816458.47312163002789 ], [ 456419.936079726903699, 4816367.975878152064979 ], [ 457500.3769079996855, 4815547.618341261520982 ], [ 458376.32027631229721, 4814606.683452803641558 ], [ 459130.415797184745315, 4814154.670477877371013 ], [ 464683.336781656020321, 4813156.175887227058411 ], [ 465095.940514219168108, 4812751.828316335566342 ], [ 465441.720698172692209, 4811502.785513567738235 ], [ 465318.187681244919077, 4810527.305056351236999 ], [ 464994.705920889624394, 4810370.810195753350854 ], [ 464488.322628160647582, 4810499.991978274658322 ], [ 463828.955980589147657, 4810340.811357381753623 ], [ 462733.616592468635645, 4811137.613969479687512 ], [ 461971.058604563469999, 4811358.789018388837576 ], [ 461338.492945211997721, 4810128.679143787361681 ], [ 460682.989241046074312, 4809522.394111419096589 ], [ 459394.192181798804086, 4808775.344131302088499 ], [ 461002.878719150205143, 4808463.074306937865913 ], [ 461914.693285117973574, 4807206.086772887967527 ], [ 462669.68345259752823, 4806722.849777807481587 ], [ 463820.423060153669212, 4808750.150941619649529 ], [ 464689.613210530485958, 4807439.543680314905941 ], [ 465818.916079315706156, 4807329.791457732208073 ], [ 468230.244133597065229, 4808041.049737895838916 ], [ 469398.468562559166458, 4807809.699814178980887 ], [ 473256.688411294016987, 4806437.612603507936001 ], [ 478222.458745015086606, 4805728.367631424218416 ], [ 481895.699606557725929, 4804330.211318047717214 ], [ 482949.739523871336132, 4804128.636576412245631 ], [ 483798.840164657623973, 4803647.543155232444406 ], [ 485666.297405394318048, 4801501.370800248347223 ], [ 489343.716104655526578, 4800333.225964630022645 ], [ 490893.230993558419868, 4800141.169913061894476 ], [ 492747.939474479528144, 4801562.367274670861661 ], [ 495311.717608295904938, 4799946.872244917787611 ], [ 499337.70706039405195, 4796452.221297168172896 ], [ 499337.788832090154756, 4797288.203865897841752 ], [ 498378.461809019965585, 4799968.035989037714899 ], [ 498101.8525902631809, 4801341.838900455273688 ], [ 497627.381497110938653, 4802141.826865145005286 ], [ 497627.538537231390364, 4802589.194431407377124 ], [ 498029.838803590857424, 4803117.772644151933491 ], [ 499110.980841756274458, 4803474.53463361505419 ], [ 500046.993575531872921, 4804608.714035678654909 ], [ 503568.518806988431606, 4806774.204245152883232 ], [ 504862.893815382674802, 4807136.524692069739103 ], [ 504862.294632907956839, 4807968.002398551441729 ], [ 504315.547750033438206, 4807967.630526018328965 ], [ 504315.108375606825575, 4808654.504267415963113 ], [ 505658.115830720285885, 4809450.82603455055505 ], [ 507666.557713212037925, 4809669.718445563688874 ], [ 511796.078134008857887, 4809494.920655249617994 ], [ 515618.273230443883222, 4809882.280782364308834 ], [ 518719.979567468166351, 4811092.221416853368282 ], [ 519754.440986833185889, 4810846.630689485929906 ], [ 521450.719171225617174, 4809577.466326216235757 ], [ 523053.190070603624918, 4807996.597441176883876 ], [ 523758.971881528443191, 4806797.002926396206021 ], [ 524708.016652633319609, 4804016.737809202633798 ], [ 525033.064503305824474, 4801677.127496180124581 ], [ 525357.815288610639982, 4802112.154865798540413 ], [ 525976.304334403248504, 4804157.064110508188605 ], [ 526087.925199860823341, 4805974.113789691589773 ], [ 526478.18120536301285, 4806436.567396307364106 ], [ 527429.555486168712378, 4806616.606202211230993 ], [ 529303.626902539865114, 4805960.191933378577232 ], [ 531829.474250826518983, 4805519.728616176173091 ], [ 536538.964020239189267, 4803514.532190077006817 ], [ 540017.079127177130431, 4802815.710418738424778 ], [ 541844.372735941782594, 4802103.730357526801527 ], [ 543405.72731260873843, 4799736.555936234071851 ], [ 551295.7714478058042, 4796068.042235048487782 ], [ 554576.877790511818603, 4795108.519881572574377 ], [ 558018.700437168241479, 4794766.551746397279203 ], [ 561546.169456982286647, 4795213.444514397531748 ], [ 564235.178974752430804, 4795988.603873586282134 ], [ 565174.757087390054949, 4796083.44658113270998 ], [ 565653.319511163164862, 4795735.566070580855012 ], [ 566962.38086209516041, 4794175.672800839878619 ], [ 567959.384750589379109, 4793833.093951678834856 ], [ 568821.006775338551961, 4794479.009980459697545 ], [ 569361.027442484744824, 4794606.537802985869348 ], [ 569752.982538402429782, 4794366.51854401268065 ], [ 570186.160654811188579, 4793336.068081405945122 ], [ 570759.731818492524326, 4793102.507549582980573 ], [ 573086.785741810221225, 4794984.655263422988355 ], [ 574092.891641444643028, 4795339.057206864468753 ], [ 575782.878183163003996, 4795619.878792688250542 ], [ 581509.434583878261037, 4797778.906480273231864 ], [ 584266.844315199181437, 4799439.720497507601976 ], [ 585461.385753736365587, 4799404.989072608761489 ], [ 586437.666101729730144, 4798640.017275390215218 ], [ 587028.849255907000042, 4797562.884699258953333 ], [ 587675.88494623254519, 4797028.878556713461876 ], [ 588803.295769745018333, 4797870.668231288902462 ], [ 587077.468928435118869, 4799425.596519636921585 ], [ 590362.331766741117463, 4800955.65509429294616 ], [ 593364.334012049017474, 4803762.539116701111197 ], [ 596268.820911500486545, 4805376.207779129967093 ], [ 597675.844478678889573, 4804388.729011321440339 ] ] ], [ [ [ 909894.017055497504771, 4710816.022939106449485 ], [ 908007.406096545630135, 4710978.846873871050775 ], [ 906878.787015735986643, 4711750.838602103292942 ], [ 906644.115390923805535, 4713139.573066605255008 ], [ 907428.28715001558885, 4715186.899469431489706 ], [ 908337.387522459612228, 4715677.946644832380116 ], [ 909257.138869144953787, 4714536.841967547312379 ], [ 911203.192230686545372, 4711186.942402945831418 ], [ 909894.017055497504771, 4710816.022939106449485 ] ] ], [ [ [ -979792.366409415146336, 3172256.620965535286814 ], [ -977830.50766753545031, 3171727.683500878512859 ], [ -976196.161920186597854, 3170465.486115829087794 ], [ -975125.107508378801867, 3168872.447418970521539 ], [ -974830.195379876764491, 3167338.578298679552972 ], [ -975650.816774708218873, 3165537.247274038847536 ], [ -980570.351635915925726, 3159831.257835881318897 ], [ -980777.29650777252391, 3159133.811697668395936 ], [ -980878.258359148399904, 3157751.394711453467607 ], [ -981285.16085310978815, 3157148.719636735506356 ], [ -982900.598339257994667, 3156444.086433553136885 ], [ -983577.441420013550669, 3155240.361396614927799 ], [ -985254.336871146922931, 3154011.493449142668396 ], [ -985724.602731224847957, 3153001.354319530073553 ], [ -986321.650542695773765, 3150401.73542971117422 ], [ -987310.243962207809091, 3149166.570364763960242 ], [ -988787.598443016642705, 3149317.446775125805289 ], [ -990807.056023574667051, 3150856.798479036893696 ], [ -992102.060819094534963, 3152670.461620355490595 ], [ -992828.784011304145679, 3154306.157413187436759 ], [ -994031.245207881554961, 3155590.702062960248441 ], [ -1001325.36802632175386, 3157541.569829094223678 ], [ -1003187.756455713650212, 3158728.529643711168319 ], [ -1004374.285483016632497, 3160461.265568695496768 ], [ -1004559.683055382221937, 3164524.707804919220507 ], [ -1001712.826315275160596, 3165454.470963521394879 ], [ -997468.1227339040488, 3164527.782047227956355 ], [ -993476.576063267420977, 3163009.003463892731816 ], [ -991865.187150005949661, 3163806.104599880985916 ], [ -987499.158341004513204, 3167115.138588252477348 ], [ -986576.051857476588339, 3168059.145090861711651 ], [ -986302.402207067469135, 3169252.328662847168744 ], [ -985803.359830224653706, 3169759.291768724098802 ], [ -983551.070753916632384, 3170453.205715240910649 ], [ -979792.366409415146336, 3172256.620965535286814 ] ] ], [ [ [ -723371.560692368773744, 3163353.416812781244516 ], [ -721147.379073051968589, 3161490.222242814023048 ], [ -720824.811458670301363, 3160764.757596934214234 ], [ -721275.836412870557979, 3158969.826176799833775 ], [ -722265.998360128607601, 3157031.904716417659074 ], [ -722729.176152526633814, 3155039.696710717864335 ], [ -721612.420574765885249, 3153106.569317866116762 ], [ -721691.226694758050144, 3152339.3647406026721 ], [ -722841.236354790162295, 3151917.572090514935553 ], [ -723667.316306991735473, 3151019.472091735340655 ], [ -724879.416472323006019, 3148721.087996666319668 ], [ -724160.511879593599588, 3147018.020261720754206 ], [ -723693.098622417543083, 3144939.391736672259867 ], [ -724055.938808612991124, 3143241.344363714568317 ], [ -725810.127039271406829, 3142696.753923891112208 ], [ -727123.458253021119162, 3141973.170550985727459 ], [ -730751.136127102887258, 3138302.709718013182282 ], [ -732264.370671331416816, 3137161.323370744474232 ], [ -739520.304620722774416, 3135689.739868178032339 ], [ -740727.355530889471993, 3135219.054992175195366 ], [ -741212.321334659820423, 3135176.948942367453128 ], [ -744151.428489869693294, 3132507.666675583459437 ], [ -745401.454347419086844, 3132064.746388709638268 ], [ -746376.889030432328582, 3132683.393461062572896 ], [ -747238.126224232837558, 3133608.986532626673579 ], [ -748142.321704785106704, 3134160.410128515679389 ], [ -752430.998449121369049, 3134926.684321464039385 ], [ -754286.358498930931091, 3135578.196620362345129 ], [ -755827.580002791248262, 3136442.013562655542046 ], [ -760733.080629771575332, 3141615.996710240840912 ], [ -761750.604517558589578, 3143655.273524716496468 ], [ -763717.207555243745446, 3145069.590018965769559 ], [ -764554.499668950913474, 3145893.211969213560224 ], [ -767107.427185049280524, 3153301.804109587334096 ], [ -767475.160479389829561, 3155671.010051498189569 ], [ -766727.758229267084971, 3157828.914232515729964 ], [ -766989.057909790193662, 3159151.251004009973258 ], [ -766974.140625597210601, 3160906.460398788098246 ], [ -766671.614496058085933, 3162663.325231248047203 ], [ -766073.636551945935935, 3163958.658287915866822 ], [ -765061.045216733589768, 3164872.214976597577333 ], [ -760915.590871557360515, 3166584.326224463991821 ], [ -758992.26492564403452, 3167738.508188546635211 ], [ -756289.554435609374195, 3169826.738073361106217 ], [ -754312.462737205205485, 3172463.489592201542109 ], [ -754557.368922269204631, 3175211.414803862571716 ], [ -753297.424293719697744, 3176117.282566751819104 ], [ -752681.76803342346102, 3178094.372229003347456 ], [ -752639.124455865705386, 3180344.909311850555241 ], [ -753077.529442041646689, 3182036.680398019962013 ], [ -750904.208489046199247, 3181833.246777364984155 ], [ -749940.311825256096199, 3181462.859853871632367 ], [ -749085.482912900857627, 3180836.159199436660856 ], [ -747604.261643343837932, 3181057.983614424709231 ], [ -742449.497111070668325, 3178655.992638791445643 ], [ -734914.481230007950217, 3177863.94651079364121 ], [ -728843.819892769679427, 3175719.748299857601523 ], [ -726409.223686638986692, 3176228.000776753295213 ], [ -726377.028229803079739, 3180074.663521902170032 ], [ -723394.35050624422729, 3180318.254556843079627 ], [ -723015.114102207589895, 3180071.137120444793254 ], [ -722631.281982719898224, 3178568.095012716017663 ], [ -722746.559763711411506, 3177693.850707570556551 ], [ -723624.637494190130383, 3177392.660783865489066 ], [ -724471.669813586166129, 3176091.242058467585593 ], [ -724717.615335024893284, 3173051.802066321484745 ], [ -724542.417402644874528, 3168542.433595941402018 ], [ -724296.653085484402254, 3166407.610095389187336 ], [ -724029.466717490926385, 3164833.74155125208199 ], [ -723371.560692368773744, 3163353.416812781244516 ] ] ], [ [ [ -912393.806392258265987, 3204648.151766743510962 ], [ -907208.799971336498857, 3205235.694458106067032 ], [ -902737.988452992867678, 3203297.162114810664207 ], [ -898841.191157015506178, 3200048.573878599330783 ], [ -893889.063657773658633, 3195475.200067298486829 ], [ -893016.481294132536277, 3192722.443930407520384 ], [ -892728.236636600689963, 3190144.149644438643008 ], [ -894542.53522668662481, 3188097.43150775693357 ], [ -896649.211332762846723, 3187068.750509383156896 ], [ -899944.837150663835928, 3184630.054378885775805 ], [ -902302.444911218248308, 3183379.4361761813052 ], [ -907243.204474349273369, 3182537.341776742134243 ], [ -909688.224713070783764, 3183453.540602308697999 ], [ -914516.934781674528494, 3187336.035020087845623 ], [ -917232.08758533000946, 3192715.105748127214611 ], [ -916762.670106616802514, 3196740.569507850334048 ], [ -915794.576955379452556, 3200933.923571599181741 ], [ -912393.806392258265987, 3204648.151766743510962 ] ] ], [ [ [ -825158.700322878081352, 3187918.760245925746858 ], [ -828492.13746005226858, 3184398.210278785321862 ], [ -835689.903973103035241, 3178615.57369341654703 ], [ -838535.198312357999384, 3175111.080807874910533 ], [ -841843.541861549485475, 3176208.64765201183036 ], [ -851920.378744206856936, 3173567.549606157001108 ], [ -853517.749864630866796, 3174063.801670166663826 ], [ -854425.189837515586987, 3175745.460367166437209 ], [ -854524.806290886597708, 3176819.358944967389107 ], [ -854204.35553531977348, 3178148.686013448052108 ], [ -855076.145975706167519, 3178624.523984041530639 ], [ -855775.927678287727758, 3179414.819878733251244 ], [ -855974.947791639948264, 3180370.415115400217474 ], [ -856017.425625539151952, 3183331.336997468955815 ], [ -857189.135237156413496, 3185201.840534575749189 ], [ -860641.293328849831596, 3189485.055884237401187 ], [ -861237.9907384023536, 3191369.041741550434381 ], [ -861627.635693263728172, 3193865.127759257797152 ], [ -862920.738653199281543, 3195909.163311551790684 ], [ -864362.597491537453607, 3197659.824631833937019 ], [ -865220.071990919299424, 3199268.522844456136227 ], [ -865322.808170183096081, 3204313.466366772074252 ], [ -865523.242203246802092, 3205414.054266782477498 ], [ -866659.457220614422113, 3207757.008314224425703 ], [ -867568.089660086203367, 3210528.746594448108226 ], [ -870480.821303477976471, 3214283.882406054530293 ], [ -871159.858845433918759, 3216625.977492794394493 ], [ -868576.358721004100516, 3217884.27275284845382 ], [ -862854.704824999673292, 3219772.146819320041686 ], [ -860995.459209233056754, 3218696.517191743012518 ], [ -858837.190727280220017, 3216797.336011200677603 ], [ -857719.256465246435255, 3216314.161236158106476 ], [ -856480.578060364117846, 3216197.684847814496607 ], [ -853542.888960468117148, 3216677.403255467768759 ], [ -851230.664280374534428, 3217524.413279254455119 ], [ -845486.36661134660244, 3218850.429638059809804 ], [ -843574.223472099751234, 3218139.518912131898105 ], [ -837568.223306782310829, 3217979.875359734985977 ], [ -835379.535891207866371, 3219350.976093628909439 ], [ -832805.943068471737206, 3219344.970618022140115 ], [ -831683.179128221934661, 3219698.569983921479434 ], [ -829563.707445364445448, 3219687.177206157706678 ], [ -827370.45459301257506, 3221047.566056178882718 ], [ -820089.913932332536206, 3226181.485413408838212 ], [ -819373.691122207324952, 3227077.894874959252775 ], [ -818957.368162515107542, 3228685.094310223590583 ], [ -818511.483787135453895, 3229329.529495147522539 ], [ -813754.44551597116515, 3231430.194796923082322 ], [ -811495.644993983907625, 3231577.069381500594318 ], [ -809590.466564523056149, 3232144.251773616299033 ], [ -808723.263107707491145, 3234167.956606054678559 ], [ -807181.411205242853612, 3233372.717071721795946 ], [ -797543.915396810509264, 3231990.826890071853995 ], [ -791212.313955617370084, 3233490.517281096894294 ], [ -789013.68793775816448, 3231953.566495403647423 ], [ -790292.837159178918228, 3228879.910001154523343 ], [ -793544.934461432974786, 3227042.770518981385976 ], [ -801344.676485575735569, 3223811.236050273757428 ], [ -803339.950297917239368, 3220928.637652213219553 ], [ -808669.164017853094265, 3216591.481830407399684 ], [ -811685.456207662355155, 3214620.632531898561865 ], [ -813526.782852472970262, 3214129.695460933726281 ], [ -815036.166886274470016, 3213140.223680986091495 ], [ -816293.675148718059063, 3211153.334425943903625 ], [ -816593.843843911308795, 3208792.360544216353446 ], [ -816137.515346078202128, 3205689.68745392980054 ], [ -816587.853267149301246, 3204578.051031453534961 ], [ -818651.273665115004405, 3202979.267434786539525 ], [ -819620.04135632305406, 3200429.001211455557495 ], [ -823532.805821192217991, 3194764.745926483534276 ], [ -824957.333862156840041, 3189948.206047160550952 ], [ -825158.700322878081352, 3187918.760245925746858 ] ] ], [ [ [ -574985.165082566905767, 3228606.9375149612315 ], [ -571172.413092634407803, 3229785.730205412488431 ], [ -567504.296676093013957, 3229941.230577256996185 ], [ -564242.859321845928207, 3228547.014821358490735 ], [ -561674.370707591995597, 3225069.578694188501686 ], [ -560921.025645934278145, 3221199.85097132390365 ], [ -561066.736328616039827, 3216123.064046232029796 ], [ -562681.062442626338452, 3206673.45439505809918 ], [ -563537.26999237970449, 3204401.702265136875212 ], [ -565679.132750957040116, 3200310.439275731798261 ], [ -566177.813403038540855, 3198804.553940009325743 ], [ -566636.972524005221203, 3195068.751156787853688 ], [ -566628.825424822280183, 3193869.954616023693234 ], [ -565631.72531088674441, 3191456.365787981078029 ], [ -565565.960136378416792, 3190619.579413246829063 ], [ -566142.037383958697319, 3189598.015731533523649 ], [ -568065.598790406947955, 3188134.748901590239257 ], [ -568513.190772522240877, 3187500.816080734599382 ], [ -568923.814775883685797, 3185403.751979409717023 ], [ -569345.019002171466127, 3184436.877233277074993 ], [ -571233.842845700215548, 3182254.325320295523852 ], [ -572214.251226659631357, 3180415.749611806124449 ], [ -573656.384626143611968, 3176727.851541314739734 ], [ -576215.523943981155753, 3173233.720295616425574 ], [ -579660.30751813435927, 3171717.062999280169606 ], [ -590303.899908655555919, 3170988.864531519822776 ], [ -594991.160179510014132, 3170031.484832239802927 ], [ -598522.0435995394364, 3168044.26081371307373 ], [ -602549.300162513740361, 3167385.993844514712691 ], [ -604699.898358900099993, 3166424.409799003973603 ], [ -608234.832529550651088, 3163216.658432564232498 ], [ -611248.579858379438519, 3159762.569383171852678 ], [ -614520.46254835347645, 3156875.246966997627169 ], [ -618857.179578385315835, 3155343.682750253938138 ], [ -621423.616901599336416, 3155595.304538135882467 ], [ -625157.187010068679228, 3157779.275298097636551 ], [ -627129.462543682428077, 3158445.025431164074689 ], [ -633747.673845135606825, 3158694.779633180238307 ], [ -634924.45593108353205, 3159189.28516020718962 ], [ -634522.130183900939301, 3159555.568032605573535 ], [ -633983.115157176507637, 3160838.006696884520352 ], [ -633575.796359257539734, 3162151.444827166385949 ], [ -633577.456030682660639, 3162602.422575444914401 ], [ -632846.857169357361272, 3162734.838785139843822 ], [ -629507.474527947604656, 3161826.767440244555473 ], [ -627552.227075615199283, 3161801.253889991436154 ], [ -623752.528409392107278, 3162649.200181793887168 ], [ -617772.324637829326093, 3164712.397454682271928 ], [ -610283.124743308173493, 3168690.252025074791163 ], [ -607038.623609864618629, 3171276.29458582540974 ], [ -605302.048406493617222, 3173034.367444635368884 ], [ -604048.855673206737265, 3174764.287683127913624 ], [ -603235.426477264845744, 3176884.704468762036413 ], [ -602170.632487546186894, 3182377.586271206382662 ], [ -601123.315158508950844, 3184305.850899212062359 ], [ -598630.401781909400597, 3187518.348532435018569 ], [ -595420.139793319394812, 3195230.783171618357301 ], [ -594751.245620949892327, 3196472.944427782669663 ], [ -593379.675921771209687, 3197327.607613134663552 ], [ -589998.583542052190751, 3201871.731161694973707 ], [ -587231.93207224435173, 3207199.057057176716626 ], [ -582800.197282874723896, 3212572.693089007399976 ], [ -581139.580559189198539, 3218030.35860190121457 ], [ -579396.630702504888177, 3221293.903020473197103 ], [ -578541.291874300222844, 3225292.382490975782275 ], [ -577874.08185312198475, 3226713.49152625631541 ], [ -576740.794368308037519, 3227751.214586076326668 ], [ -574985.165082566905767, 3228606.9375149612315 ] ] ], [ [ [ -948281.851612645201385, 3279070.355629124678671 ], [ -948768.212276877369732, 3276856.863523908890784 ], [ -948394.728093109326437, 3274072.285490626934916 ], [ -947724.898301345761865, 3272056.705406413879246 ], [ -945908.396467841230333, 3270809.183395025786012 ], [ -946087.023726511979476, 3268725.511776922270656 ], [ -949511.939917849143967, 3265645.723306335508823 ], [ -951239.550821765558794, 3263293.582601709757 ], [ -950077.654233385808766, 3256769.143215296790004 ], [ -951147.689977258443832, 3254743.102255400735885 ], [ -952137.143018933013082, 3251865.284809607546777 ], [ -954877.145808643428609, 3248976.603614510502666 ], [ -959733.779528859769925, 3241248.68216198682785 ], [ -960941.389940817374736, 3239059.928184997756034 ], [ -961558.067550604697317, 3239137.769840314984322 ], [ -962000.795651393476874, 3240299.042275061365217 ], [ -964070.115552910836414, 3241746.893290034029633 ], [ -964498.849722890881822, 3243984.474380780942738 ], [ -964544.231442390242592, 3249640.48103234404698 ], [ -965516.597102544037625, 3251132.760722585953772 ], [ -966026.425598081899807, 3253031.779280696995556 ], [ -967733.465582231525332, 3256076.179882688913494 ], [ -967968.646165259182453, 3258632.976147209759802 ], [ -971009.34679982601665, 3265117.338223659899086 ], [ -971046.49908215762116, 3268017.734699198044837 ], [ -971485.795720875496045, 3271680.26086360681802 ], [ -972941.076981189660728, 3273062.386700187809765 ], [ -973764.603619046276435, 3274428.754700664896518 ], [ -972786.479622293263674, 3277803.322267742361873 ], [ -969708.277362786699086, 3281205.536204863339663 ], [ -965902.637450548587367, 3283823.320158801041543 ], [ -963177.313370847608894, 3285227.354278179816902 ], [ -961299.579829581081867, 3283647.739331603050232 ], [ -958894.253981591435149, 3282960.80348904710263 ], [ -956569.064674514345825, 3282066.221397790592164 ], [ -952369.152972565731034, 3283120.312677610199898 ], [ -950494.71245420887135, 3282074.731762003619224 ], [ -949042.849166354630142, 3280416.589953205548227 ], [ -948281.851612645201385, 3279070.355629124678671 ] ] ], [ [ [ -521664.8610091652954, 3280550.280043121427298 ], [ -519907.653067564242519, 3280772.119634879287332 ], [ -518169.004342609085143, 3279450.863597900606692 ], [ -515586.21085792593658, 3276509.343679476063699 ], [ -516750.664586720289662, 3274335.510673290584236 ], [ -517297.061297379317693, 3272550.843977990094572 ], [ -518146.256701426114887, 3271114.237059922423214 ], [ -520218.852629766683094, 3269993.863318703602999 ], [ -520731.547289323876612, 3268320.697702120989561 ], [ -520190.766644811141305, 3265108.705516845453531 ], [ -520164.226473583607003, 3263070.778724044095725 ], [ -520426.960270389565267, 3262296.630101850256324 ], [ -521787.002375873737037, 3260066.711978068109602 ], [ -522129.212177751236595, 3256250.827386942692101 ], [ -523993.528901973040774, 3253662.526262759231031 ], [ -527009.485038773040287, 3251457.389678495470434 ], [ -530368.020209096255712, 3249985.088324998505414 ], [ -535085.831014923634939, 3249241.752695913892239 ], [ -537008.507260615588166, 3247301.44145773537457 ], [ -538252.085920281708241, 3246937.155349842272699 ], [ -539808.606284609762952, 3246950.014590519014746 ], [ -542113.31139302579686, 3246636.641978536732495 ], [ -543693.25511911266949, 3246661.296033940277994 ], [ -547197.896209956845269, 3246210.519643635489047 ], [ -550019.168482003267854, 3244413.149112738203257 ], [ -552366.099871169775724, 3241677.715294438879937 ], [ -554400.163773486856371, 3238399.611567952670157 ], [ -555013.248206864809617, 3238455.913570678792894 ], [ -555916.379682670580223, 3240103.927925408352166 ], [ -557889.877833820413798, 3240919.046016199048609 ], [ -562569.924409541767091, 3241392.790095448028296 ], [ -563262.684211769141257, 3242072.116131116636097 ], [ -563763.598592937923968, 3243468.243484003003687 ], [ -563903.800332410959527, 3244830.953270538710058 ], [ -563523.144210280617699, 3245406.19364835973829 ], [ -562396.71989289065823, 3245659.756102409679443 ], [ -561481.155913392081857, 3246428.715140900108963 ], [ -560276.319032109808177, 3248185.368512077257037 ], [ -559730.441985405515879, 3249980.100007541943341 ], [ -558822.795601000310853, 3255459.366777089424431 ], [ -558393.909226715331897, 3256906.817257788032293 ], [ -554595.597073117271066, 3261934.17277415515855 ], [ -552690.328407508088276, 3263653.313094099983573 ], [ -551216.437586154090241, 3264549.635549251455814 ], [ -549549.4336828882806, 3265139.117836285848171 ], [ -547629.317857523215935, 3265416.349724552128464 ], [ -545401.317251338856295, 3265362.703164133708924 ], [ -543512.792125800973736, 3265739.796282321214676 ], [ -539946.607322786469012, 3268248.144510363228619 ], [ -537905.587268337374553, 3269290.836825503502041 ], [ -536028.50614907045383, 3269734.040890146046877 ], [ -534447.759364046505652, 3269800.854557161219418 ], [ -529424.034394439659081, 3269339.505835607647896 ], [ -528013.464657502947375, 3269665.660554592497647 ], [ -526801.449526081327349, 3270913.296226314269006 ], [ -525364.375324833090417, 3273539.186671132687479 ], [ -523964.907889424590394, 3277177.2163025746122 ], [ -523039.646401043864898, 3279001.004013774450868 ], [ -521664.8610091652954, 3280550.280043121427298 ] ] ], [ [ [ -521575.971707639284432, 3285576.730349101591855 ], [ -520900.300880182418041, 3283447.701510196551681 ], [ -522522.814933561836369, 3280935.078164481557906 ], [ -525146.154719078913331, 3279324.745907860342413 ], [ -527484.19898915104568, 3279890.069400215987116 ], [ -527408.960463007329963, 3280717.877519540023059 ], [ -525742.876500268001109, 3282189.906380951870233 ], [ -524750.837811076198705, 3284612.792124020401388 ], [ -523632.039084554067813, 3286308.778969994746149 ], [ -521575.971707639284432, 3285576.730349101591855 ] ] ], [ [ [ 699752.752419819822535, 4180247.96681867679581 ], [ 699009.124390823300928, 4177763.166070945095271 ], [ 699221.558906184509397, 4175206.61345725087449 ], [ 700527.366715751588345, 4171099.764743136242032 ], [ 698675.879063873901032, 4173119.737528025172651 ], [ 698216.890898939687759, 4176384.193676852155477 ], [ 698208.425241537392139, 4180020.926909925881773 ], [ 697763.553563053719699, 4183159.247467503417283 ], [ 698210.260838518850505, 4183224.204882614314556 ], [ 698443.150415888056159, 4182488.866238877177238 ], [ 699752.752419819822535, 4180247.96681867679581 ] ] ], [ [ [ 893809.394253992009908, 4290751.689531211741269 ], [ 897154.217841863865033, 4292444.93984934873879 ], [ 898698.333982260432094, 4290677.272216688841581 ], [ 898734.796638433705084, 4288246.661631049588323 ], [ 896676.630412709899247, 4287673.779624393209815 ], [ 893709.602004337939434, 4287589.099571578204632 ], [ 889286.45500973938033, 4290176.264594845473766 ], [ 887845.298262904747389, 4290856.560246570035815 ], [ 885406.009979849448428, 4288913.118929173797369 ], [ 884089.893462221603841, 4286790.805512948893011 ], [ 882754.34177000191994, 4285858.521367171779275 ], [ 881514.680115239694715, 4286179.112679039128125 ], [ 881807.16654836316593, 4288454.216028477996588 ], [ 881410.4787296007853, 4289283.489779584109783 ], [ 881356.400819286936894, 4290438.991974170319736 ], [ 882128.823002657387406, 4292242.15782134886831 ], [ 882121.903852824121714, 4293124.889426093548536 ], [ 881473.303639697260223, 4293478.675161602906883 ], [ 881133.900179744116031, 4293897.134732184000313 ], [ 881597.370371498866007, 4294758.545629613101482 ], [ 882615.211357703665271, 4296055.246270132251084 ], [ 883257.66646660794504, 4295436.184934159740806 ], [ 884119.033205283107236, 4295856.793370192870498 ], [ 884906.703683651285246, 4297172.02006811182946 ], [ 885120.451885228045285, 4298907.852595183998346 ], [ 885471.604730538791046, 4298979.241684585809708 ], [ 885688.494525245740078, 4298310.449716357514262 ], [ 890211.096429363125935, 4292444.27427683211863 ], [ 893809.394253992009908, 4290751.689531211741269 ] ] ], [ [ [ 898414.350024261279032, 4337017.661468915641308 ], [ 898020.883029482210986, 4336005.585275686345994 ], [ 898662.047765057301149, 4333809.303034123033285 ], [ 900244.62551652546972, 4330197.678579239174724 ], [ 898811.27343162172474, 4330034.218694466166198 ], [ 897715.088913803338073, 4329072.672287707217038 ], [ 897039.684941206825897, 4327611.597932711243629 ], [ 896844.466140145319514, 4325875.84112192504108 ], [ 896427.246442593284883, 4325175.33197024744004 ], [ 893494.710615126532502, 4323017.037912636063993 ], [ 890978.611124400398694, 4318706.550220273435116 ], [ 889937.17167341709137, 4317731.015641928650439 ], [ 887593.223672700463794, 4316324.724530861712992 ], [ 886709.300698203383945, 4315153.631983892060816 ], [ 885452.415760897332802, 4316541.468414756469429 ], [ 884115.750460223527625, 4314633.046928852796555 ], [ 882947.79701268079225, 4313911.786398889496922 ], [ 882211.109211612958461, 4310107.014145394787192 ], [ 882252.110539466375485, 4307384.505560963414609 ], [ 879435.910585269681178, 4307196.930895626544952 ], [ 878478.004086573375389, 4309388.627376009710133 ], [ 876917.638108758605085, 4310477.922234766185284 ], [ 875669.576185569632798, 4309920.43122704513371 ], [ 875076.096221287734807, 4309892.267811445519328 ], [ 874691.366134839248843, 4310091.387937385588884 ], [ 873839.683409225661308, 4309833.73770992923528 ], [ 873123.812856959179044, 4311199.119755980558693 ], [ 871639.919117194600403, 4311591.090074679814279 ], [ 870199.992114511551335, 4311048.101587313227355 ], [ 869685.372124207671732, 4309638.498594577424228 ], [ 866843.847287201089785, 4311367.089800492860377 ], [ 865787.114238870330155, 4312481.724775499664247 ], [ 865305.5062305071624, 4314478.757976514287293 ], [ 866233.21389130607713, 4317206.63897434156388 ], [ 866439.982964143971913, 4318846.217454373836517 ], [ 865587.421594522544183, 4320151.373277639038861 ], [ 867124.711010575294495, 4321454.372261660173535 ], [ 868105.992434273008257, 4321635.984279639087617 ], [ 869150.166321326280013, 4321078.087275152094662 ], [ 869758.391252306872047, 4321677.123857819475234 ], [ 870580.604708397993818, 4321933.093913652934134 ], [ 872669.924889688380063, 4322004.466571752913296 ], [ 871694.30124044616241, 4326645.007664388976991 ], [ 871620.869097241200507, 4329245.237682703882456 ], [ 872575.138836382655427, 4330422.472126197069883 ], [ 873687.737244622781873, 4330937.193708970211446 ], [ 874933.143706122064032, 4332069.766138663515449 ], [ 876923.973575718235224, 4334433.881174666807055 ], [ 877466.312177423737012, 4334459.946839580312371 ], [ 878295.529744639759883, 4333806.982701236382127 ], [ 879936.08896965929307, 4335213.158246729522943 ], [ 880952.796824829769321, 4334628.410945805720985 ], [ 882601.330237156827934, 4336148.832993002608418 ], [ 884920.385169480345212, 4337512.345850739628077 ], [ 887309.94609721377492, 4338291.307213782332838 ], [ 889128.037632937659509, 4338064.28222859185189 ], [ 889864.251835332717746, 4339156.24688106123358 ], [ 891057.138794180238619, 4339718.472036486491561 ], [ 892307.890908958390355, 4339685.869936906732619 ], [ 893787.794920697575435, 4338604.992771682329476 ], [ 894389.446671389741823, 4338431.396740508265793 ], [ 895950.74463811039459, 4338405.913748692721128 ], [ 896941.349852827610448, 4338220.448124587535858 ], [ 898414.350024261279032, 4337017.661468915641308 ] ] ], [ [ [ 1044323.633596270810813, 4423183.529123968444765 ], [ 1046830.381879828055389, 4422644.589055960066617 ], [ 1051894.59077313542366, 4420109.201313052326441 ], [ 1054879.341054717777297, 4420070.702316295355558 ], [ 1054460.360844167415053, 4418881.332083337008953 ], [ 1055154.841033719945699, 4416272.845802512019873 ], [ 1054868.555945558007807, 4415670.330959716811776 ], [ 1054369.192353428341448, 4415197.847186909988523 ], [ 1054168.78371158381924, 4414474.336323315277696 ], [ 1054793.16154121235013, 4413124.229115230962634 ], [ 1053843.128323718905449, 4409942.301917660050094 ], [ 1053038.986775618977845, 4408329.99497689306736 ], [ 1051946.993749116780236, 4407587.878520437516272 ], [ 1050537.766952206613496, 4406954.98978958837688 ], [ 1049667.089393397327513, 4405570.212782219983637 ], [ 1049517.551752415020019, 4403828.141087376512587 ], [ 1050272.263847722439095, 4402123.479333495721221 ], [ 1047009.791229201247916, 4398659.966562607325613 ], [ 1043691.609465436427854, 4394049.453745608218014 ], [ 1041356.364082706393674, 4388514.985717430710793 ], [ 1040990.141986374510452, 4382274.302325259894133 ], [ 1039754.219826929387636, 4383019.363465431146324 ], [ 1038678.570736863417551, 4378324.319084715098143 ], [ 1036158.137850631494075, 4375215.018408602103591 ], [ 1028588.667699103592895, 4369767.664297722280025 ], [ 1025466.488539973157458, 4366690.25167927891016 ], [ 1024539.486580894445069, 4365156.300048345699906 ], [ 1023790.791501188417897, 4364533.670030706562102 ], [ 1023016.721411074744537, 4364181.891204623505473 ], [ 1020032.690145200467668, 4367950.587313523516059 ], [ 1018068.650557302404195, 4368836.536199537105858 ], [ 1017519.723381208954379, 4369240.395860667340457 ], [ 1017057.834736454533413, 4370244.894023916684091 ], [ 1016444.318587674759328, 4372469.803840697742999 ], [ 1015798.032903717132285, 4372858.172056074254215 ], [ 1014938.608086159569211, 4373059.898882109671831 ], [ 1013519.122387106763199, 4374055.498337944038212 ], [ 1012744.434112565591931, 4374258.504203460179269 ], [ 1011728.180334151373245, 4374064.266513950191438 ], [ 1010400.608700978104025, 4373459.238514195196331 ], [ 1009566.125114860711619, 4373286.346155601553619 ], [ 1002014.084571853862144, 4373343.284654223360121 ], [ 998578.598638019990176, 4374497.024343274533749 ], [ 996258.79990933323279, 4377057.833107765763998 ], [ 994966.274789526127279, 4383061.474810215644538 ], [ 993652.834939801367, 4383794.46324769128114 ], [ 993790.161355776479468, 4385609.592237208969891 ], [ 994941.032881305669434, 4388397.383446898311377 ], [ 993813.020649400074035, 4390639.864181554876268 ], [ 991227.029667392838746, 4392721.301386903971434 ], [ 988243.839076732750982, 4394220.006576092913747 ], [ 985934.146525608608499, 4394750.166860037483275 ], [ 984097.028655678266659, 4394026.440609774552286 ], [ 978753.487837193533778, 4390598.149203171953559 ], [ 977677.378030289663002, 4389251.945761955343187 ], [ 976938.849762549973093, 4386189.090613095089793 ], [ 974947.140481175854802, 4383820.610560280270875 ], [ 972596.820062428247184, 4383386.220056667923927 ], [ 970602.031118424027227, 4386349.369701217859983 ], [ 970316.969185588415712, 4387221.16299996804446 ], [ 970547.643676475505345, 4387933.844175726175308 ], [ 971248.245094899903052, 4388430.240788359194994 ], [ 968808.679617324378341, 4390645.157820464111865 ], [ 968166.352475827094167, 4389653.506684634834528 ], [ 967532.989828706718981, 4389206.834009384736419 ], [ 966914.267611484276131, 4389446.082807114347816 ], [ 966400.945318691898137, 4390499.191547955386341 ], [ 964104.415224626194686, 4388972.652779600583017 ], [ 963559.528756649931893, 4388803.82363114040345 ], [ 962682.883328740717843, 4389363.5593575630337 ], [ 961842.53683522879146, 4391313.510815697722137 ], [ 960212.877462690230459, 4392495.144772879779339 ], [ 959674.958687314880081, 4394449.67138135433197 ], [ 959624.536061153165065, 4396705.438002929091454 ], [ 960034.508801853167824, 4398417.228530487045646 ], [ 965959.808414084953256, 4402652.368733428418636 ], [ 967744.966160205425695, 4403169.121991032734513 ], [ 969213.99318596534431, 4404265.838080948218703 ], [ 973168.744069456122816, 4409054.577119275927544 ], [ 974396.834860354079865, 4409824.640999871306121 ], [ 976098.470833517960273, 4410188.756012650206685 ], [ 977548.254482038668357, 4410768.982850326225162 ], [ 978925.852457760833204, 4412052.866165796294808 ], [ 981411.682998852804303, 4415094.733211832121015 ], [ 982440.892780232476071, 4417437.594775574281812 ], [ 984198.837988633546047, 4417548.687369963154197 ], [ 986136.762490656343289, 4419786.486006 ], [ 986373.942618287634104, 4420350.718693328090012 ], [ 988891.273198934271932, 4423248.153656204231083 ], [ 989507.376041023875587, 4423464.641654253005981 ], [ 991948.730028818477876, 4424901.559603128582239 ], [ 994973.878199419472367, 4427897.909479901194572 ], [ 996221.355910147307441, 4428296.764417410828173 ], [ 996513.18908371287398, 4428542.738728054799139 ], [ 996991.755317175993696, 4429572.610989958047867 ], [ 997290.477093090536073, 4429819.076476959511638 ], [ 999091.074579420033842, 4429777.927129719406366 ], [ 999888.758104162523523, 4429989.112329593859613 ], [ 1002330.538143866811879, 4431366.436733442358673 ], [ 1007254.970541968126781, 4435152.718191519379616 ], [ 1009845.334177194163203, 4436047.885413591749966 ], [ 1014617.118136852863245, 4436837.060531786642969 ], [ 1019274.474024177878164, 4438375.455345052294433 ], [ 1027896.135891759418882, 4442617.207147421315312 ], [ 1029170.752383523969911, 4441179.602910499088466 ], [ 1029831.576853306614794, 4441829.877395441755652 ], [ 1030972.94435267127119, 4441305.409112676046789 ], [ 1030114.439971874468029, 4440582.171965084038675 ], [ 1027206.721543270163238, 4438953.42611810285598 ], [ 1026125.179201124352403, 4438615.005577729083598 ], [ 1024910.944931352278218, 4437867.867102260701358 ], [ 1022886.79089589160867, 4435570.881336634047329 ], [ 1021896.591624244116247, 4436034.286581831052899 ], [ 1021263.021639766404405, 4435990.83662145677954 ], [ 1021320.87604908249341, 4432388.559486792422831 ], [ 1024394.634267483605072, 4432063.660767362453043 ], [ 1030821.257656269008294, 4434362.39936803560704 ], [ 1030869.185958306654356, 4433675.235295242629945 ], [ 1030055.894613727810793, 4432991.661970953457057 ], [ 1030136.911942655220628, 4431425.524349675513804 ], [ 1029909.739599263761193, 4430564.779812274500728 ], [ 1029441.276451868470758, 4429950.758368062786758 ], [ 1027624.85673244681675, 4428879.958084311336279 ], [ 1024962.333600237034261, 4427987.569716741330922 ], [ 1024400.755327862338163, 4427090.475264768116176 ], [ 1024433.723504622699693, 4424776.291529133915901 ], [ 1025601.652523151948117, 4422362.989525287412107 ], [ 1027991.547091360436752, 4420333.850384720601141 ], [ 1030863.463453403091989, 4418956.478653858415782 ], [ 1033395.883663889369927, 4418542.121158500202 ], [ 1039279.569559538154863, 4418954.708778378553689 ], [ 1040730.997245425707661, 4419656.944788988679647 ], [ 1043152.218619381543249, 4422500.346084964461625 ], [ 1044323.633596270810813, 4423183.529123968444765 ] ] ], [ [ [ 1123780.910497108474374, 4446896.551065205596387 ], [ 1124861.970359075115994, 4443470.425274222157896 ], [ 1126949.378895681817085, 4440609.87824931088835 ], [ 1127809.5063113453798, 4438859.471120497211814 ], [ 1127230.985585913993418, 4438811.742110366933048 ], [ 1126825.073644877411425, 4439479.49740909319371 ], [ 1126214.625416563823819, 4440075.772390452213585 ], [ 1124695.515648613218218, 4440888.750561470165849 ], [ 1125052.39290355774574, 4433551.144931234419346 ], [ 1120650.450687760254368, 4432599.460025754757226 ], [ 1114327.474841499235481, 4435091.342857275158167 ], [ 1099716.399098836584017, 4443145.381297614425421 ], [ 1096743.70603408687748, 4444062.334697947837412 ], [ 1093312.369509915122762, 4443870.721710545942187 ], [ 1087247.651474284473807, 4442143.678937860764563 ], [ 1083850.248152463696897, 4443059.823889762163162 ], [ 1084110.302433227188885, 4444412.551874157041311 ], [ 1084056.329047113656998, 4446023.14046229608357 ], [ 1084236.079871661495417, 4447506.185076281428337 ], [ 1085138.949554178863764, 4448503.752901116386056 ], [ 1084395.845968930283561, 4449065.040683723054826 ], [ 1082607.767955382587388, 4449568.699438349343836 ], [ 1081777.001788168214262, 4450182.575345392338932 ], [ 1080861.308542844373733, 4451449.508237552829087 ], [ 1080798.129853529389948, 4451999.55608328897506 ], [ 1081088.148261123336852, 4452594.902963560074568 ], [ 1081193.23574301134795, 4453958.388209730386734 ], [ 1082145.101554406108335, 4455400.666723696514964 ], [ 1087991.488978900015354, 4457185.884683012962341 ], [ 1090100.191002481849864, 4456504.020758030004799 ], [ 1098269.469898191047832, 4457992.44219867233187 ], [ 1101707.802661306224763, 4458110.686050252057612 ], [ 1102668.497071488760412, 4458341.963496750220656 ], [ 1103835.802616937551647, 4458963.061582068912685 ], [ 1105174.210042199585587, 4460239.795446310192347 ], [ 1106049.620742836035788, 4460833.388309385627508 ], [ 1106391.118577897548676, 4459540.919372308067977 ], [ 1107226.721805729903281, 4458715.963255438022316 ], [ 1109253.77572826645337, 4457345.229931328445673 ], [ 1108983.72601918829605, 4456181.028585369698703 ], [ 1109099.394398998701945, 4455352.85566477291286 ], [ 1109714.059583516558632, 4455020.03539171628654 ], [ 1110222.47407428198494, 4455397.850208348594606 ], [ 1111533.765508466400206, 4457529.31823505833745 ], [ 1111235.256962766405195, 4459143.844037504866719 ], [ 1111768.880229814210907, 4459637.672040655277669 ], [ 1112331.506932336371392, 4459082.390067500993609 ], [ 1112117.668956673238426, 4457576.574762123636901 ], [ 1112695.825213804841042, 4456831.362283978611231 ], [ 1115221.17522530304268, 4455465.874558389186859 ], [ 1116200.843165330821648, 4454179.89762176014483 ], [ 1117153.791931284591556, 4453397.130748567171395 ], [ 1117639.742945960722864, 4453190.927700703032315 ], [ 1118926.78688044892624, 4453036.537330575287342 ], [ 1119558.616031604353338, 4452760.417832800187171 ], [ 1120542.874215710908175, 4451602.646332603879273 ], [ 1121416.299915012903512, 4449834.872641929425299 ], [ 1121465.868250232189894, 4448204.448549467138946 ], [ 1119992.832865310600027, 4447451.045120211318135 ], [ 1121376.550919699016958, 4446899.564619664102793 ], [ 1122719.397202793974429, 4447105.289404000155628 ], [ 1123780.910497108474374, 4446896.551065205596387 ] ] ], [ [ [ 1017260.123502993956208, 4352315.670796734280884 ], [ 1017194.024823556654155, 4349299.365213876590133 ], [ 1015619.690033722901717, 4346615.544447774067521 ], [ 1012896.498164985678159, 4346672.414729231037199 ], [ 1011158.038848321419209, 4350328.204686072655022 ], [ 1013331.337950073182583, 4352698.531204894185066 ], [ 1016703.853427419904619, 4354441.813228988088667 ], [ 1017260.123502993956208, 4352315.670796734280884 ] ] ], [ [ [ 381447.471780889027286, 3892967.113755482248962 ], [ 381737.380071809864603, 3892957.504088333807886 ], [ 381900.881438822718337, 3892915.1042261547409 ], [ 381447.471780889027286, 3892967.113755482248962 ] ] ], [ [ [ 417857.047477057436481, 3897235.648465136066079 ], [ 417876.667619564279448, 3897359.426565221045166 ], [ 417910.130206084693782, 3897310.29151733359322 ], [ 417857.047477057436481, 3897235.648465136066079 ] ] ], [ [ [ 417971.040147577878088, 3897515.441609241999686 ], [ 418094.876480162027292, 3897574.419000055640936 ], [ 418106.627219924412202, 3897510.456318635959178 ], [ 417971.040147577878088, 3897515.441609241999686 ] ] ], [ [ [ 551509.980459046084434, 3893731.265821563545614 ], [ 551950.915737193427049, 3893823.407680592499673 ], [ 552216.725832465919666, 3893389.658076070714742 ], [ 551771.592280501383357, 3893015.781339588109404 ], [ 551365.372843741206452, 3893282.333938466850668 ], [ 551509.980459046084434, 3893731.265821563545614 ] ] ], [ [ [ 281749.22342784027569, 3977290.273840175010264 ], [ 281996.63062074012123, 3977054.763695628847927 ], [ 281816.16576119675301, 3976764.30995128210634 ], [ 281605.062074439192656, 3976851.463588448707014 ], [ 281559.088099953369237, 3977147.525885974057019 ], [ 281749.22342784027569, 3977290.273840175010264 ] ] ] ] } }
]
}
